pos	ss	bases	0	1	2	3	4	5	6	7	8	9	10	11	12	13	14	15	16	17	18	19	20	21	22	23	24	25	26	27	28	29	30	31	32	33	34	35	36	37	38	39	40
-149	True	9	0	0	0	0	0	0	0	0	0	0	0	0	0	0	0	0	0	0	0	0	0	0	0	0	0	0	0	0	0	0	0	0	0	0	0	0	0	0	0	0	9
-148	True	9	0	0	0	0	0	0	0	0	0	0	0	0	0	0	0	0	0	0	0	0	0	0	0	0	0	0	0	0	0	0	0	0	0	0	0	0	0	0	0	0	9
-147	True	9	0	0	0	0	0	0	0	0	0	0	0	0	1	0	0	0	0	0	0	0	0	0	0	0	0	0	0	0	0	0	0	0	0	0	0	0	0	0	0	0	8
-146	True	11	0	0	0	0	0	0	0	0	0	0	0	0	0	0	0	0	0	0	0	0	0	0	0	0	1	0	0	0	0	0	0	0	0	0	0	0	0	0	0	0	10
-145	True	12	0	0	0	0	0	0	0	0	0	0	0	0	1	0	0	0	0	0	0	0	0	0	0	0	0	0	0	0	0	0	0	0	0	0	0	0	0	0	0	0	11
-144	True	12	0	0	0	0	0	0	0	0	0	0	0	0	0	0	0	0	0	0	0	0	0	0	0	0	2	0	0	0	0	0	0	0	0	0	0	0	0	0	0	0	10
-143	True	14	0	0	0	0	0	0	0	0	0	0	0	0	0	0	0	0	0	0	0	0	0	0	0	0	1	0	0	0	0	0	0	0	0	0	0	0	0	0	0	0	13
-142	True	19	0	0	0	0	0	0	0	0	0	0	0	0	1	0	0	0	0	0	0	0	0	0	0	0	0	0	0	0	0	0	0	0	0	0	0	0	0	0	0	0	18
-141	True	24	0	0	0	0	0	0	0	0	0	0	0	0	1	0	0	0	0	0	0	0	0	0	0	0	1	0	0	0	0	0	0	0	0	0	0	0	0	0	0	0	22
-140	True	25	0	0	0	0	0	0	0	0	0	0	0	0	1	0	0	0	0	0	0	0	0	0	0	0	1	0	0	0	0	0	0	0	0	0	0	0	0	0	0	0	23
-139	True	32	0	0	0	0	0	0	0	0	0	0	0	0	0	0	0	0	0	0	0	0	0	0	0	0	2	0	0	0	0	0	0	0	0	0	0	0	0	0	0	0	30
-138	True	35	0	0	0	0	0	0	0	0	0	0	0	0	1	0	0	0	0	0	0	0	0	0	0	0	1	0	0	0	0	0	0	0	0	0	0	0	0	0	0	0	33
-137	True	43	0	0	0	0	0	0	0	0	0	0	0	0	3	0	0	0	0	0	0	0	0	0	0	0	2	0	0	0	0	0	0	0	0	0	0	0	0	0	0	0	38
-136	True	49	0	0	0	0	0	0	0	0	0	0	0	0	0	0	0	0	0	0	0	0	0	0	0	0	4	0	0	0	0	0	0	0	0	0	0	0	0	0	0	0	45
-135	True	53	0	0	0	0	0	0	0	0	0	0	0	0	1	0	0	0	0	0	0	0	0	0	0	0	2	0	0	0	0	0	0	0	0	0	0	0	0	0	0	0	50
-134	True	445	0	0	1	0	0	0	0	0	0	0	0	0	5	0	0	0	0	0	0	0	0	0	0	0	25	0	0	0	0	0	0	0	0	0	0	0	0	0	0	0	414
-133	True	1008	0	0	2	0	0	0	0	0	0	0	0	0	16	0	0	0	0	0	0	0	0	0	0	0	38	0	0	0	0	0	0	0	0	0	0	0	0	0	0	0	952
-132	True	1721	0	0	1	0	0	0	0	0	0	0	0	0	14	0	0	0	0	0	0	0	0	0	0	0	66	0	0	0	0	0	0	0	0	0	0	0	0	0	0	0	1640
-131	True	2517	0	0	2	0	0	0	0	0	0	0	0	0	28	0	0	0	0	0	0	0	0	0	0	0	96	0	0	0	0	0	0	0	0	0	0	0	0	0	0	0	2391
-130	True	3404	0	0	1	0	0	0	0	0	0	0	0	0	39	0	0	0	0	0	0	0	0	0	0	0	101	0	0	0	0	0	0	0	0	0	0	0	0	0	0	0	3263
-129	True	4373	0	0	3	0	0	0	0	0	0	0	0	0	41	0	0	0	0	0	0	0	0	0	0	0	138	0	0	0	0	0	0	0	0	0	0	0	0	0	0	0	4191
-128	True	5333	0	0	3	0	0	0	0	0	0	0	0	0	50	0	0	0	0	0	0	0	0	0	0	0	145	0	0	0	0	0	0	0	0	0	0	0	0	0	0	0	5135
-127	True	6289	0	0	2	0	0	0	0	0	0	0	0	0	67	0	0	0	0	0	0	0	0	0	0	0	169	0	0	0	0	0	0	0	0	0	0	0	0	0	0	0	6051
-126	True	7290	0	0	3	0	0	0	0	0	0	0	0	0	81	0	0	0	0	0	0	0	0	0	0	0	202	0	0	0	0	0	0	0	0	0	0	0	0	0	0	0	7004
-125	True	8299	0	0	0	0	0	0	0	0	0	0	0	0	81	0	0	0	0	0	0	0	0	0	0	0	219	0	0	0	0	0	0	0	0	0	0	0	0	0	0	0	7999
-124	True	9250	0	0	2	0	0	0	0	0	0	0	0	0	87	0	0	0	0	0	0	0	0	0	0	0	204	0	0	0	0	0	0	0	0	0	0	0	0	0	0	0	8957
-123	True	10230	0	0	1	0	0	0	0	0	0	0	0	0	88	0	0	0	0	0	0	0	0	0	0	0	235	0	0	0	0	0	0	0	0	0	0	0	0	0	0	0	9906
-122	True	11256	0	0	0	0	0	0	0	0	0	0	0	0	93	0	0	0	0	0	0	0	0	0	0	0	274	0	0	0	0	0	0	0	0	0	0	0	0	0	0	0	10889
-121	True	12269	0	0	1	0	0	0	0	0	0	0	0	0	101	0	0	0	0	0	0	0	0	0	0	0	277	0	0	0	0	0	0	0	0	0	0	0	0	0	0	0	11890
-120	True	13362	0	0	1	0	0	0	0	0	0	0	0	0	123	0	0	0	0	0	0	0	0	0	0	0	318	0	0	0	0	0	0	0	0	0	0	0	0	0	0	0	12920
-119	True	14423	0	0	2	0	0	0	0	0	0	0	0	0	132	0	0	0	0	0	0	0	0	0	0	0	305	0	0	0	0	0	0	0	0	0	0	0	0	0	0	0	13984
-118	True	15485	0	0	2	0	0	0	0	0	0	0	0	0	139	0	0	0	0	0	0	0	0	0	0	0	324	0	0	0	0	0	0	0	0	0	0	0	0	0	0	0	15020
-117	True	16628	0	0	0	0	0	0	0	0	0	0	0	0	134	0	0	0	0	0	0	0	0	0	0	0	370	0	0	0	0	0	0	0	0	0	0	0	0	0	0	0	16124
-116	True	17661	0	0	0	0	0	0	0	0	0	0	0	0	134	0	0	0	0	0	0	0	0	0	0	0	369	0	0	0	0	0	0	0	0	0	0	0	0	0	0	0	17158
-115	True	18762	0	0	2	0	0	0	0	0	0	0	0	0	146	0	0	0	0	0	0	0	0	0	0	0	410	0	0	0	0	0	0	0	0	0	0	0	0	0	0	0	18204
-114	True	19891	0	0	0	0	0	0	0	0	0	0	0	0	168	0	0	0	0	0	0	0	0	0	0	0	421	0	0	0	0	0	0	0	0	0	0	0	0	0	0	0	19302
-113	True	21016	0	0	3	0	0	0	0	0	0	0	0	0	153	0	0	0	0	0	0	0	0	0	0	0	415	0	0	0	0	0	0	0	0	0	0	0	0	0	0	0	20445
-112	True	22139	0	0	6	0	0	0	0	0	0	0	0	0	165	0	0	0	0	0	0	0	0	0	0	0	429	0	0	0	0	0	0	0	0	0	0	0	0	0	0	0	21539
-111	True	23351	0	0	1	0	0	0	0	0	0	0	0	0	196	0	0	0	0	0	0	0	0	0	0	0	461	0	0	0	0	0	0	0	0	0	0	0	0	0	0	0	22693
-110	True	24545	0	0	1	0	0	0	0	0	0	0	0	0	176	0	0	0	0	0	0	0	0	0	0	0	505	0	0	0	0	0	0	0	0	0	0	0	0	0	0	0	23863
-109	True	25763	0	0	2	0	0	0	0	0	0	0	0	0	181	0	0	0	0	0	0	0	0	0	0	0	507	0	0	0	0	0	0	0	0	0	0	0	0	0	0	0	25073
-108	True	27002	0	0	0	0	0	0	0	0	0	0	0	0	214	0	0	0	0	0	0	0	0	0	0	0	522	0	0	0	0	0	0	0	0	0	0	0	0	0	0	0	26266
-107	True	28158	0	0	0	0	0	0	0	0	0	0	0	0	223	0	0	0	0	0	0	0	0	0	0	0	532	0	0	0	0	0	0	0	0	0	0	0	0	0	0	0	27403
-106	True	29429	0	0	0	0	0	0	0	0	0	0	0	0	218	0	0	0	0	0	0	0	0	0	0	0	592	0	0	0	0	0	0	0	0	0	0	0	0	0	0	0	28619
-105	True	30656	0	0	3	0	0	0	0	0	0	0	0	0	235	0	0	0	0	0	0	0	0	0	0	0	583	0	0	0	0	0	0	0	0	0	0	0	0	0	0	0	29835
-104	True	31872	0	0	2	0	0	0	0	0	0	0	0	0	248	0	0	0	0	0	0	0	0	0	0	0	658	0	0	0	0	0	0	0	0	0	0	0	0	0	0	0	30964
-103	True	33117	0	0	5	0	0	0	0	0	0	0	0	0	265	0	0	0	0	0	0	0	0	0	0	0	672	0	0	0	0	0	0	0	0	0	0	0	0	0	0	0	32175
-102	True	34436	0	0	3	0	0	0	0	0	0	0	0	0	273	0	0	0	0	0	0	0	0	0	0	0	714	0	0	0	0	0	0	0	0	0	0	0	0	0	0	0	33446
-101	True	35659	0	0	1	0	0	0	0	0	0	0	0	0	296	0	0	0	0	0	0	0	0	0	0	0	701	0	0	0	0	0	0	0	0	0	0	0	0	0	0	0	34661
-100	True	36956	0	0	3	0	0	0	0	0	0	0	0	0	264	0	0	0	0	0	0	0	0	0	0	0	778	0	0	0	0	0	0	0	0	0	0	0	0	0	0	0	35911
-99	True	38266	0	0	3	0	0	0	0	0	0	0	0	0	311	0	0	0	0	0	0	0	0	0	0	0	767	0	0	0	0	0	0	0	0	0	0	0	0	0	0	0	37185
-98	True	39542	0	0	4	0	0	0	0	0	0	0	0	0	302	0	0	0	0	0	0	0	0	0	0	0	798	0	0	0	0	0	0	0	0	0	0	0	0	0	0	0	38438
-97	True	40858	0	0	6	0	0	0	0	0	0	0	0	0	304	0	0	0	0	0	0	0	0	0	0	0	826	0	0	0	0	0	0	0	0	0	0	0	0	0	0	0	39722
-96	True	42183	0	0	3	0	0	0	0	0	0	0	0	0	343	0	0	0	0	0	0	0	0	0	0	0	887	0	0	0	0	0	0	0	0	0	0	0	0	0	0	0	40950
-95	True	43449	0	0	2	0	0	0	0	0	0	0	0	0	350	0	0	0	0	0	0	0	0	0	0	0	823	0	0	0	0	0	0	0	0	0	0	0	0	0	0	0	42274
-94	True	44847	0	0	3	0	0	0	0	0	0	0	0	0	349	0	0	0	0	0	0	0	0	0	0	0	917	0	0	0	0	0	0	0	0	0	0	0	0	0	0	0	43578
-93	True	46223	0	0	3	0	0	0	0	0	0	0	0	0	340	0	0	0	0	0	0	0	0	0	0	0	965	0	0	0	0	0	0	0	0	0	0	0	0	0	0	0	44915
-92	True	47542	0	0	5	0	0	0	0	0	0	0	0	0	359	0	0	0	0	0	0	0	0	0	0	0	976	0	0	0	0	0	0	0	0	0	0	0	0	0	0	0	46202
-91	True	48838	0	0	7	0	0	0	0	0	0	0	0	0	401	0	0	0	0	0	0	0	0	0	0	0	973	0	0	0	0	0	0	0	0	0	0	0	0	0	0	0	47457
-90	True	50154	0	0	5	0	0	0	0	0	0	0	0	0	399	0	0	0	0	0	0	0	0	0	0	0	1003	0	0	0	0	0	0	0	0	0	0	0	0	0	0	0	48747
-89	True	51415	0	0	2	0	0	0	0	0	0	0	0	0	415	0	0	0	0	0	0	0	0	0	0	0	1076	0	0	0	0	0	0	0	0	0	0	0	0	0	0	0	49922
-88	True	52726	0	0	5	0	0	0	0	0	0	0	0	0	390	0	0	0	0	0	0	0	0	0	0	0	1100	0	0	0	0	0	0	0	0	0	0	0	0	0	0	0	51231
-87	True	54046	0	0	2	0	0	0	0	0	0	0	0	0	418	0	0	0	0	0	0	0	0	0	0	0	1037	0	0	0	0	0	0	0	0	0	0	0	0	0	0	0	52589
-86	True	55350	0	0	1	0	0	0	0	0	0	0	0	0	444	0	0	0	0	0	0	0	0	0	0	0	1126	0	0	0	0	0	0	0	0	0	0	0	0	0	0	0	53779
-85	True	56696	0	0	3	0	0	0	0	0	0	0	0	0	461	0	0	0	0	0	0	0	0	0	0	0	1097	0	0	0	0	0	0	0	0	0	0	0	0	0	0	0	55135
-84	True	58015	0	0	4	0	0	0	0	0	0	0	0	0	464	0	0	0	0	0	0	0	0	0	0	0	1175	0	0	0	0	0	0	0	0	0	0	0	0	0	0	0	56372
-83	True	59375	0	0	3	0	0	0	0	0	0	0	0	0	518	0	0	0	0	0	0	0	0	0	0	0	1171	0	0	0	0	0	0	0	0	0	0	0	0	0	0	0	57683
-82	True	60698	0	0	1	0	0	0	0	0	0	0	0	0	513	0	0	0	0	0	0	0	0	0	0	0	1225	0	0	0	0	0	0	0	0	0	0	0	0	0	0	0	58959
-81	True	61968	0	0	3	0	0	0	0	0	0	0	0	0	521	0	0	0	0	0	0	0	0	0	0	0	1233	0	0	0	0	0	0	0	0	0	0	0	0	0	0	0	60211
-80	True	63269	0	0	2	0	0	0	0	0	0	0	0	0	554	0	0	0	0	0	0	0	0	0	0	0	1261	0	0	0	0	0	0	0	0	0	0	0	0	0	0	0	61452
-79	True	64575	0	0	2	0	0	0	0	0	0	0	0	0	578	0	0	0	0	0	0	0	0	0	0	0	1268	0	0	0	0	0	0	0	0	0	0	0	0	0	0	0	62727
-78	True	65902	0	0	5	0	0	0	0	0	0	0	0	0	548	0	0	0	0	0	0	0	0	0	0	0	1302	0	0	0	0	0	0	0	0	0	0	0	0	0	0	0	64047
-77	True	67233	0	0	3	0	0	0	0	0	0	0	0	0	556	0	0	0	0	0	0	0	0	0	0	0	1357	0	0	0	0	0	0	0	0	0	0	0	0	0	0	0	65317
-76	True	68545	0	0	4	0	0	0	0	0	0	0	0	0	590	0	0	0	0	0	0	0	0	0	0	0	1363	0	0	0	0	0	0	0	0	0	0	0	0	0	0	0	66588
-75	True	69897	0	0	1	0	0	0	0	0	0	0	0	0	560	0	0	0	0	0	0	0	0	0	0	0	1446	0	0	0	0	0	0	0	0	0	0	0	0	0	0	0	67890
-74	True	71169	0	0	2	0	0	0	0	0	0	0	0	0	612	0	0	0	0	0	0	0	0	0	0	0	1527	0	0	0	0	0	0	0	0	0	0	0	0	0	0	0	69028
-73	True	72530	0	0	4	0	0	0	0	0	0	0	0	0	624	0	0	0	0	0	0	0	0	0	0	0	1497	0	0	0	0	0	0	0	0	0	0	0	0	0	0	0	70405
-72	True	73833	0	0	4	0	0	0	0	0	0	0	0	0	620	0	0	0	0	0	0	0	0	0	0	0	1528	0	0	0	0	0	0	0	0	0	0	0	0	0	0	0	71681
-71	True	75191	0	0	4	0	0	0	0	0	0	0	0	0	642	0	0	0	0	0	0	0	0	0	0	0	1560	0	0	0	0	0	0	0	0	0	0	0	0	0	0	0	72985
-70	True	76525	0	0	2	0	0	0	0	0	0	0	0	0	679	0	0	0	0	0	0	0	0	0	0	0	1591	0	0	0	0	0	0	0	0	0	0	0	0	0	0	0	74253
-69	True	77835	0	0	1	0	0	0	0	0	0	0	0	0	716	0	0	0	0	0	0	0	0	0	0	0	1590	0	0	0	0	0	0	0	0	0	0	0	0	0	0	0	75528
-68	True	79168	0	0	2	0	0	0	0	0	0	0	0	0	659	0	0	0	0	0	0	0	0	0	0	0	1714	0	0	0	0	0	0	0	0	0	0	0	0	0	0	0	76793
-67	True	80450	0	0	2	0	0	0	0	0	0	0	0	0	696	0	0	0	0	0	0	0	0	0	0	0	1664	0	0	0	0	0	0	0	0	0	0	0	0	0	0	0	78088
-66	True	81771	0	0	2	0	0	0	0	0	0	0	0	0	699	0	0	0	0	0	0	0	0	0	0	0	1769	0	0	0	0	0	0	0	0	0	0	0	0	0	0	0	79301
-65	True	83171	0	0	2	0	0	0	0	0	0	0	0	0	769	0	0	0	0	0	0	0	0	0	0	0	1740	0	0	0	0	0	0	0	0	0	0	0	0	0	0	0	80660
-64	True	84526	0	0	5	0	0	0	0	0	0	0	0	0	756	0	0	0	0	0	0	0	0	0	0	0	1812	0	0	0	0	0	0	0	0	0	0	0	0	0	0	0	81953
-63	True	85824	0	0	6	0	0	0	0	0	0	0	0	0	798	0	0	0	0	0	0	0	0	0	0	0	1826	0	0	0	0	0	0	0	0	0	0	0	0	0	0	0	83194
-62	True	87228	0	0	3	0	0	0	0	0	0	0	0	0	790	0	0	0	0	0	0	0	0	0	0	0	1832	0	0	0	0	0	0	0	0	0	0	0	0	0	0	0	84603
-61	True	88597	0	0	2	0	0	0	0	0	0	0	0	0	783	0	0	0	0	0	0	0	0	0	0	0	2016	0	0	0	0	0	0	0	0	0	0	0	0	0	0	0	85796
-60	True	89911	0	0	3	0	0	0	0	0	0	0	0	0	800	0	0	0	0	0	0	0	0	0	0	0	1922	0	0	0	0	0	0	0	0	0	0	0	0	0	0	0	87186
-59	True	91213	0	0	6	0	0	0	0	0	0	0	0	0	864	0	0	0	0	0	0	0	0	0	0	0	1978	0	0	0	0	0	0	0	0	0	0	0	0	0	0	0	88365
-58	True	92521	0	0	7	0	0	0	0	0	0	0	0	0	824	0	0	0	0	0	0	0	0	0	0	0	2047	0	0	0	0	0	0	0	0	0	0	0	0	0	0	0	89643
-57	True	93861	0	0	2	0	0	0	0	0	0	0	0	0	871	0	0	0	0	0	0	0	0	0	0	0	2009	0	0	0	0	0	0	0	0	0	0	0	0	0	0	0	90979
-56	True	95194	0	0	1	0	0	0	0	0	0	0	0	0	932	0	0	0	0	0	0	0	0	0	0	0	2129	0	0	0	0	0	0	0	0	0	0	0	0	0	0	0	92132
-55	True	96541	0	0	1	0	0	0	0	0	0	0	0	0	952	0	0	0	0	0	0	0	0	0	0	0	2119	0	0	0	0	0	0	0	0	0	0	0	0	0	0	0	93469
-54	True	97865	0	0	3	0	0	0	0	0	0	0	0	0	933	0	0	0	0	0	0	0	0	0	0	0	2109	0	0	0	0	0	0	0	0	0	0	0	0	0	0	0	94820
-53	True	99172	0	0	7	0	0	0	0	0	0	0	0	0	869	0	0	0	0	0	0	0	0	0	0	0	2183	0	0	0	0	0	0	0	0	0	0	0	0	0	0	0	96113
-52	True	100508	0	0	2	0	0	0	0	0	0	0	0	0	964	0	0	0	0	0	0	0	0	0	0	0	2253	0	0	0	0	0	0	0	0	0	0	0	0	0	0	0	97289
-51	True	101805	0	0	2	0	0	0	0	0	0	0	0	0	1034	0	0	0	0	0	0	0	0	0	0	0	2217	0	0	0	0	0	0	0	0	0	0	0	0	0	0	0	98552
-50	True	103101	0	0	3	0	0	0	0	0	0	0	0	0	954	0	0	0	0	0	0	0	0	0	0	0	2326	0	0	0	0	0	0	0	0	0	0	0	0	0	0	0	99818
-49	True	104445	0	0	2	0	0	0	0	0	0	0	0	0	1004	0	0	0	0	0	0	0	0	0	0	0	2288	0	0	0	0	0	0	0	0	0	0	0	0	0	0	0	101151
-48	True	105802	0	0	6	0	0	0	0	0	0	0	0	0	1098	0	0	0	0	0	0	0	0	0	0	0	2354	0	0	0	0	0	0	0	0	0	0	0	0	0	0	0	102344
-47	True	107102	0	0	2	0	0	0	0	0	0	0	0	0	1059	0	0	0	0	0	0	0	0	0	0	0	2374	0	0	0	0	0	0	0	0	0	0	0	0	0	0	0	103667
-46	True	108445	0	0	7	0	0	0	0	0	0	0	0	0	1080	0	0	0	0	0	0	0	0	0	0	0	2506	0	0	0	0	0	0	0	0	0	0	0	0	0	0	0	104852
-45	True	109826	0	0	5	0	0	0	0	0	0	0	0	0	1156	0	0	0	0	0	0	0	0	0	0	0	2497	0	0	0	0	0	0	0	0	0	0	0	0	0	0	0	106168
-44	True	111192	0	0	4	0	0	0	0	0	0	0	0	0	1131	0	0	0	0	0	0	0	0	0	0	0	2470	0	0	0	0	0	0	0	0	0	0	0	0	0	0	0	107587
-43	True	112480	0	0	5	0	0	0	0	0	0	0	0	0	1168	0	0	0	0	0	0	0	0	0	0	0	2650	0	0	0	0	0	0	0	0	0	0	0	0	0	0	0	108657
-42	True	113801	0	0	4	0	0	0	0	0	0	0	0	0	1202	0	0	0	0	0	0	0	0	0	0	0	2550	0	0	0	0	0	0	0	0	0	0	0	0	0	0	0	110045
-41	True	115182	0	0	4	0	0	0	0	0	0	0	0	0	1224	0	0	0	0	0	0	0	0	0	0	0	2638	0	0	0	0	0	0	0	0	0	0	0	0	0	0	0	111316
-40	True	116554	0	0	5	0	0	0	0	0	0	0	0	0	1245	0	0	0	0	0	0	0	0	0	0	0	2751	0	0	0	0	0	0	0	0	0	0	0	0	0	0	0	112553
-39	True	117934	0	0	3	0	0	0	0	0	0	0	0	0	1241	0	0	0	0	0	0	0	0	0	0	0	2704	0	0	0	0	0	0	0	0	0	0	0	0	0	0	0	113986
-38	True	119277	0	0	5	0	0	0	0	0	0	0	0	0	1341	0	0	0	0	0	0	0	0	0	0	0	2767	0	0	0	0	0	0	0	0	0	0	0	0	0	0	0	115164
-37	True	120681	0	0	4	0	0	0	0	0	0	0	0	0	1375	0	0	0	0	0	0	0	0	0	0	0	2828	0	0	0	0	0	0	0	0	0	0	0	0	0	0	0	116474
-36	True	122047	0	0	4	0	0	0	0	0	0	0	0	0	1348	0	0	0	0	0	0	0	0	0	0	0	2842	0	0	0	0	0	0	0	0	0	0	0	0	0	0	0	117853
-35	True	123440	0	0	2	0	0	0	0	0	0	0	0	0	1304	0	0	0	0	0	0	0	0	0	0	0	2878	0	0	0	0	0	0	0	0	0	0	0	0	0	0	0	119256
-34	True	124831	0	0	5	0	0	0	0	0	0	0	0	0	1355	0	0	0	0	0	0	0	0	0	0	0	3037	0	0	0	0	0	0	0	0	0	0	0	0	0	0	0	120434
-33	True	126214	0	0	2	0	0	0	0	0	0	0	0	0	1408	0	0	0	0	0	0	0	0	0	0	0	2984	0	0	0	0	0	0	0	0	0	0	0	0	0	0	0	121820
-32	True	127631	0	0	1	0	0	0	0	0	0	0	0	0	1448	0	0	0	0	0	0	0	0	0	0	0	3146	0	0	0	0	0	0	0	0	0	0	0	0	0	0	0	123036
-31	True	129082	0	0	7	0	0	0	0	0	0	0	0	0	1437	0	0	0	0	0	0	0	0	0	0	0	3106	0	0	0	0	0	0	0	0	0	0	0	0	0	0	0	124532
-30	True	130496	0	0	7	0	0	0	0	0	0	0	0	0	1466	0	0	0	0	0	0	0	0	0	0	0	3149	0	0	0	0	0	0	0	0	0	0	0	0	0	0	0	125874
-29	True	131915	0	0	2	0	0	0	0	0	0	0	0	0	1549	0	0	0	0	0	0	0	0	0	0	0	3159	0	0	0	0	0	0	0	0	0	0	0	0	0	0	0	127205
-28	True	133333	0	0	2	0	0	0	0	0	0	0	0	0	1510	0	0	0	0	0	0	0	0	0	0	0	3276	0	0	0	0	0	0	0	0	0	0	0	0	0	0	0	128545
-27	True	134728	0	0	4	0	0	0	0	0	0	0	0	0	1608	0	0	0	0	0	0	0	0	0	0	0	3409	0	0	0	0	0	0	0	0	0	0	0	0	0	0	0	129707
-26	True	136101	0	0	3	0	0	0	0	0	0	0	0	0	1502	0	0	0	0	0	0	0	0	0	0	0	3450	0	0	0	0	0	0	0	0	0	0	0	0	0	0	0	131146
-25	True	137601	0	0	5	0	0	0	0	0	0	0	0	0	1574	0	0	0	0	0	0	0	0	0	0	0	3477	0	0	0	0	0	0	0	0	0	0	0	0	0	0	0	132545
-24	True	138979	0	0	4	0	0	0	0	0	0	0	0	0	1583	0	0	0	0	0	0	0	0	0	0	0	3444	0	0	0	0	0	0	0	0	0	0	0	0	0	0	0	133948
-23	True	140314	0	0	5	0	0	0	0	0	0	0	0	0	1630	0	0	0	0	0	0	0	0	0	0	0	3465	0	0	0	0	0	0	0	0	0	0	0	0	0	0	0	135214
-22	True	141713	0	0	5	0	0	0	0	0	0	0	0	0	1636	0	0	0	0	0	0	0	0	0	0	0	3603	0	0	0	0	0	0	0	0	0	0	0	0	0	0	0	136469
-21	True	143097	0	0	4	0	0	0	0	0	0	0	0	0	1691	0	0	0	0	0	0	0	0	0	0	0	3738	0	0	0	0	0	0	0	0	0	0	0	0	0	0	0	137664
-20	True	144551	0	0	5	0	0	0	0	0	0	0	0	0	1811	0	0	0	0	0	0	0	0	0	0	0	3656	0	0	0	0	0	0	0	0	0	0	0	0	0	0	0	139079
-19	True	146023	0	0	7	0	0	0	0	0	0	0	0	0	1803	0	0	0	0	0	0	0	0	0	0	0	3791	0	0	0	0	0	0	0	0	0	0	0	0	0	0	0	140422
-18	True	147463	0	0	4	0	0	0	0	0	0	0	0	0	1864	0	0	0	0	0	0	0	0	0	0	0	3761	0	0	0	0	0	0	0	0	0	0	0	0	0	0	0	141834
-17	True	148973	0	0	7	0	0	0	0	0	0	0	0	0	1881	0	0	0	0	0	0	0	0	0	0	0	4022	0	0	0	0	0	0	0	0	0	0	0	0	0	0	0	143063
-16	True	150398	0	0	7	0	0	0	0	0	0	0	0	0	1980	0	0	0	0	0	0	0	0	0	0	0	3981	0	0	0	0	0	0	0	0	0	0	0	0	0	0	0	144430
-15	True	151834	0	0	8	0	0	0	0	0	0	0	0	0	2050	0	0	0	0	0	0	0	0	0	0	0	4205	0	0	0	0	0	0	0	0	0	0	0	0	0	0	0	145571
-14	True	153155	0	0	9	0	0	0	0	0	0	0	0	0	2017	0	0	0	0	0	0	0	0	0	0	0	4280	0	0	0	0	0	0	0	0	0	0	0	0	0	0	0	146849
-13	True	154602	0	0	3	0	0	0	0	0	0	0	0	0	2109	0	0	0	0	0	0	0	0	0	0	0	4299	0	0	0	0	0	0	0	0	0	0	0	0	0	0	0	148191
-12	True	156093	0	0	10	0	0	0	0	0	0	0	0	0	2109	0	0	0	0	0	0	0	0	0	0	0	4297	0	0	0	0	0	0	0	0	0	0	0	0	0	0	0	149677
-11	True	157510	0	0	8	0	0	0	0	0	0	0	0	0	2308	0	0	0	0	0	0	0	0	0	0	0	4484	0	0	0	0	0	0	0	0	0	0	0	0	0	0	0	150710
-10	True	158986	0	0	13	0	0	0	0	0	0	0	0	0	2213	0	0	0	0	0	0	0	0	0	0	0	4503	0	0	0	0	0	0	0	0	0	0	0	0	0	0	0	152257
-9	True	160448	0	0	9	0	0	0	0	0	0	0	0	0	2206	0	0	0	0	0	0	0	0	0	0	0	4598	0	0	0	0	0	0	0	0	0	0	0	0	0	0	0	153635
-8	True	161877	0	0	11	0	0	0	0	0	0	0	0	0	2402	0	0	0	0	0	0	0	0	0	0	0	4734	0	0	0	0	0	0	0	0	0	0	0	0	0	0	0	154730
-7	True	163360	0	0	5	0	0	0	0	0	0	0	0	0	2507	0	0	0	0	0	0	0	0	0	0	0	4809	0	0	0	0	0	0	0	0	0	0	0	0	0	0	0	156039
-6	True	164797	0	0	3	0	0	0	0	0	0	0	0	0	2782	0	0	0	0	0	0	0	0	0	0	0	4927	0	0	0	0	0	0	0	0	0	0	0	0	0	0	0	157085
-5	True	166283	0	0	6	0	0	0	0	0	0	0	0	0	2552	0	0	0	0	0	0	0	0	0	0	0	5215	0	0	0	0	0	0	0	0	0	0	0	0	0	0	0	158510
-4	True	167733	0	0	7	0	0	0	0	0	0	0	0	0	2676	0	0	0	0	0	0	0	0	0	0	0	5270	0	0	0	0	0	0	0	0	0	0	0	0	0	0	0	159780
-3	True	167733	0	0	9	0	0	0	0	0	0	0	0	0	2886	0	0	0	0	0	0	0	0	0	0	0	5402	0	0	0	0	0	0	0	0	0	0	0	0	0	0	0	159436
-2	True	167733	0	0	5	0	0	0	0	0	0	0	0	0	3079	0	0	0	0	0	0	0	0	0	0	0	5470	0	0	0	0	0	0	0	0	0	0	0	0	0	0	0	159179
-1	True	167733	0	0	3	0	0	0	0	0	0	0	0	0	2938	0	0	0	0	0	0	0	0	0	0	0	5491	0	0	0	0	0	0	0	0	0	0	0	0	0	0	0	159301
0	True	2848606	0	0	63	0	0	0	0	0	0	0	0	0	55591	0	0	0	0	0	0	0	0	0	0	0	99548	0	0	0	0	0	0	0	0	0	0	0	0	0	0	0	2693404
1	True	167733	0	0	6	0	0	0	0	0	0	0	0	0	6974	0	0	0	0	0	0	0	0	0	0	0	8863	0	0	0	0	0	0	0	0	0	0	0	0	0	0	0	151890
2	True	167733	0	0	3	0	0	0	0	0	0	0	0	0	4938	0	0	0	0	0	0	0	0	0	0	0	7396	0	0	0	0	0	0	0	0	0	0	0	0	0	0	0	155396
3	True	167733	0	0	2	0	0	0	0	0	0	0	0	0	5606	0	0	0	0	0	0	0	0	0	0	0	8130	0	0	0	0	0	0	0	0	0	0	0	0	0	0	0	153995
4	True	167733	0	0	5	0	0	0	0	0	0	0	0	0	5378	0	0	0	0	0	0	0	0	0	0	0	7865	0	0	0	0	0	0	0	0	0	0	0	0	0	0	0	154485
5	True	167733	0	0	6	0	0	0	0	0	0	0	0	0	5629	0	0	0	0	0	0	0	0	0	0	0	8090	0	0	0	0	0	0	0	0	0	0	0	0	0	0	0	154008
6	True	166467	0	0	4	0	0	0	0	0	0	0	0	0	5339	0	0	0	0	0	0	0	0	0	0	0	8013	0	0	0	0	0	0	0	0	0	0	0	0	0	0	0	153111
7	True	165051	0	0	8	0	0	0	0	0	0	0	0	0	5519	0	0	0	0	0	0	0	0	0	0	0	8107	0	0	0	0	0	0	0	0	0	0	0	0	0	0	0	151417
8	True	163757	0	0	6	0	0	0	0	0	0	0	0	0	5364	0	0	0	0	0	0	0	0	0	0	0	7919	0	0	0	0	0	0	0	0	0	0	0	0	0	0	0	150468
9	True	162403	0	0	4	0	0	0	0	0	0	0	0	0	5362	0	0	0	0	0	0	0	0	0	0	0	8138	0	0	0	0	0	0	0	0	0	0	0	0	0	0	0	148899
10	True	161042	0	0	6	0	0	0	0	0	0	0	0	0	5487	0	0	0	0	0	0	0	0	0	0	0	8074	0	0	0	0	0	0	0	0	0	0	0	0	0	0	0	147475
11	True	159664	0	0	3	0	0	0	0	0	0	0	0	0	5517	0	0	0	0	0	0	0	0	0	0	0	8036	0	0	0	0	0	0	0	0	0	0	0	0	0	0	0	146108
12	True	158306	0	0	2	0	0	0	0	0	0	0	0	0	5215	0	0	0	0	0	0	0	0	0	0	0	7847	0	0	0	0	0	0	0	0	0	0	0	0	0	0	0	145242
13	True	156965	0	0	0	0	0	0	0	0	0	0	0	0	5554	0	0	0	0	0	0	0	0	0	0	0	8029	0	0	0	0	0	0	0	0	0	0	0	0	0	0	0	143382
14	True	155691	0	0	3	0	0	0	0	0	0	0	0	0	5268	0	0	0	0	0	0	0	0	0	0	0	7858	0	0	0	0	0	0	0	0	0	0	0	0	0	0	0	142562
15	True	154366	0	0	9	0	0	0	0	0	0	0	0	0	5504	0	0	0	0	0	0	0	0	0	0	0	8012	0	0	0	0	0	0	0	0	0	0	0	0	0	0	0	140841
16	True	153036	0	0	1	0	0	0	0	0	0	0	0	0	5298	0	0	0	0	0	0	0	0	0	0	0	8106	0	0	0	0	0	0	0	0	0	0	0	0	0	0	0	139631
17	True	151740	0	0	6	0	0	0	0	0	0	0	0	0	5450	0	0	0	0	0	0	0	0	0	0	0	7999	0	0	0	0	0	0	0	0	0	0	0	0	0	0	0	138285
18	True	150399	0	0	4	0	0	0	0	0	0	0	0	0	5309	0	0	0	0	0	0	0	0	0	0	0	7866	0	0	0	0	0	0	0	0	0	0	0	0	0	0	0	137220
19	True	149063	0	0	5	0	0	0	0	0	0	0	0	0	5280	0	0	0	0	0	0	0	0	0	0	0	7850	0	0	0	0	0	0	0	0	0	0	0	0	0	0	0	135928
20	True	147649	0	0	4	0	0	0	0	0	0	0	0	0	5259	0	0	0	0	0	0	0	0	0	0	0	7765	0	0	0	0	0	0	0	0	0	0	0	0	0	0	0	134621
21	True	146364	0	0	5	0	0	0	0	0	0	0	0	0	5113	0	0	0	0	0	0	0	0	0	0	0	7763	0	0	0	0	0	0	0	0	0	0	0	0	0	0	0	133483
22	True	145049	0	0	6	0	0	0	0	0	0	0	0	0	5309	0	0	0	0	0	0	0	0	0	0	0	7807	0	0	0	0	0	0	0	0	0	0	0	0	0	0	0	131927
23	True	143744	0	0	3	0	0	0	0	0	0	0	0	0	5317	0	0	0	0	0	0	0	0	0	0	0	7706	0	0	0	0	0	0	0	0	0	0	0	0	0	0	0	130718
24	True	142380	0	0	3	0	0	0	0	0	0	0	0	0	5165	0	0	0	0	0	0	0	0	0	0	0	7612	0	0	0	0	0	0	0	0	0	0	0	0	0	0	0	129600
25	True	141021	0	0	2	0	0	0	0	0	0	0	0	0	5211	0	0	0	0	0	0	0	0	0	0	0	7640	0	0	0	0	0	0	0	0	0	0	0	0	0	0	0	128168
26	True	139623	0	0	2	0	0	0	0	0	0	0	0	0	5005	0	0	0	0	0	0	0	0	0	0	0	7589	0	0	0	0	0	0	0	0	0	0	0	0	0	0	0	127027
27	True	138308	0	0	8	0	0	0	0	0	0	0	0	0	5081	0	0	0	0	0	0	0	0	0	0	0	7518	0	0	0	0	0	0	0	0	0	0	0	0	0	0	0	125701
28	True	136874	0	0	1	0	0	0	0	0	0	0	0	0	5119	0	0	0	0	0	0	0	0	0	0	0	7345	0	0	0	0	0	0	0	0	0	0	0	0	0	0	0	124409
29	True	135546	0	0	3	0	0	0	0	0	0	0	0	0	5048	0	0	0	0	0	0	0	0	0	0	0	7514	0	0	0	0	0	0	0	0	0	0	0	0	0	0	0	122981
30	True	134174	0	0	0	0	0	0	0	0	0	0	0	0	5027	0	0	0	0	0	0	0	0	0	0	0	7456	0	0	0	0	0	0	0	0	0	0	0	0	0	0	0	121691
31	True	132797	0	0	3	0	0	0	0	0	0	0	0	0	4989	0	0	0	0	0	0	0	0	0	0	0	7394	0	0	0	0	0	0	0	0	0	0	0	0	0	0	0	120411
32	True	131474	0	0	6	0	0	0	0	0	0	0	0	0	4980	0	0	0	0	0	0	0	0	0	0	0	7305	0	0	0	0	0	0	0	0	0	0	0	0	0	0	0	119183
33	True	130172	0	0	2	0	0	0	0	0	0	0	0	0	4997	0	0	0	0	0	0	0	0	0	0	0	7331	0	0	0	0	0	0	0	0	0	0	0	0	0	0	0	117842
34	True	128792	0	0	5	0	0	0	0	0	0	0	0	0	4758	0	0	0	0	0	0	0	0	0	0	0	7277	0	0	0	0	0	0	0	0	0	0	0	0	0	0	0	116752
35	True	127434	0	0	5	0	0	0	0	0	0	0	0	0	4864	0	0	0	0	0	0	0	0	0	0	0	7362	0	0	0	0	0	0	0	0	0	0	0	0	0	0	0	115203
36	True	126042	0	0	3	0	0	0	0	0	0	0	0	0	4780	0	0	0	0	0	0	0	0	0	0	0	7243	0	0	0	0	0	0	0	0	0	0	0	0	0	0	0	114016
37	True	124774	0	0	0	0	0	0	0	0	0	0	0	0	4684	0	0	0	0	0	0	0	0	0	0	0	7052	0	0	0	0	0	0	0	0	0	0	0	0	0	0	0	113038
38	True	123492	0	0	2	0	0	0	0	0	0	0	0	0	4703	0	0	0	0	0	0	0	0	0	0	0	7117	0	0	0	0	0	0	0	0	0	0	0	0	0	0	0	111670
39	True	122135	0	0	2	0	0	0	0	0	0	0	0	0	4798	0	0	0	0	0	0	0	0	0	0	0	6957	0	0	0	0	0	0	0	0	0	0	0	0	0	0	0	110378
40	True	120796	0	0	6	0	0	0	0	0	0	0	0	0	4633	0	0	0	0	0	0	0	0	0	0	0	7077	0	0	0	0	0	0	0	0	0	0	0	0	0	0	0	109080
41	True	119424	0	0	3	0	0	0	0	0	0	0	0	0	4594	0	0	0	0	0	0	0	0	0	0	0	6859	0	0	0	0	0	0	0	0	0	0	0	0	0	0	0	107968
42	True	118102	0	0	3	0	0	0	0	0	0	0	0	0	4596	0	0	0	0	0	0	0	0	0	0	0	6827	0	0	0	0	0	0	0	0	0	0	0	0	0	0	0	106676
43	True	116767	0	0	4	0	0	0	0	0	0	0	0	0	4535	0	0	0	0	0	0	0	0	0	0	0	6811	0	0	0	0	0	0	0	0	0	0	0	0	0	0	0	105417
44	True	115445	0	0	5	0	0	0	0	0	0	0	0	0	4532	0	0	0	0	0	0	0	0	0	0	0	6644	0	0	0	0	0	0	0	0	0	0	0	0	0	0	0	104264
45	True	114116	0	0	1	0	0	0	0	0	0	0	0	0	4318	0	0	0	0	0	0	0	0	0	0	0	6686	0	0	0	0	0	0	0	0	0	0	0	0	0	0	0	103111
46	True	112749	0	0	3	0	0	0	0	0	0	0	0	0	4282	0	0	0	0	0	0	0	0	0	0	0	6588	0	0	0	0	0	0	0	0	0	0	0	0	0	0	0	101876
47	True	111402	0	0	6	0	0	0	0	0	0	0	0	0	4266	0	0	0	0	0	0	0	0	0	0	0	6534	0	0	0	0	0	0	0	0	0	0	0	0	0	0	0	100596
48	True	110041	0	0	2	0	0	0	0	0	0	0	0	0	4334	0	0	0	0	0	0	0	0	0	0	0	6308	0	0	0	0	0	0	0	0	0	0	0	0	0	0	0	99397
49	True	108687	0	0	3	0	0	0	0	0	0	0	0	0	4070	0	0	0	0	0	0	0	0	0	0	0	6404	0	0	0	0	0	0	0	0	0	0	0	0	0	0	0	98210
50	True	107379	0	0	3	0	0	0	0	0	0	0	0	0	4099	0	0	0	0	0	0	0	0	0	0	0	6238	0	0	0	0	0	0	0	0	0	0	0	0	0	0	0	97039
51	True	106048	0	0	3	0	0	0	0	0	0	0	0	0	4105	0	0	0	0	0	0	0	0	0	0	0	6308	0	0	0	0	0	0	0	0	0	0	0	0	0	0	0	95632
52	True	104712	0	0	4	0	0	0	0	0	0	0	0	0	4051	0	0	0	0	0	0	0	0	0	0	0	6186	0	0	0	0	0	0	0	0	0	0	0	0	0	0	0	94471
53	True	103419	0	0	4	0	0	0	0	0	0	0	0	0	4022	0	0	0	0	0	0	0	0	0	0	0	6232	0	0	0	0	0	0	0	0	0	0	0	0	0	0	0	93161
54	True	102066	0	0	2	0	0	0	0	0	0	0	0	0	3804	0	0	0	0	0	0	0	0	0	0	0	6124	0	0	0	0	0	0	0	0	0	0	0	0	0	0	0	92136
55	True	100729	0	0	2	0	0	0	0	0	0	0	0	0	4006	0	0	0	0	0	0	0	0	0	0	0	5917	0	0	0	0	0	0	0	0	0	0	0	0	0	0	0	90804
56	True	99364	0	0	2	0	0	0	0	0	0	0	0	0	3669	0	0	0	0	0	0	0	0	0	0	0	6011	0	0	0	0	0	0	0	0	0	0	0	0	0	0	0	89682
57	True	97996	0	0	4	0	0	0	0	0	0	0	0	0	3863	0	0	0	0	0	0	0	0	0	0	0	5746	0	0	0	0	0	0	0	0	0	0	0	0	0	0	0	88383
58	True	96671	0	0	3	0	0	0	0	0	0	0	0	0	3769	0	0	0	0	0	0	0	0	0	0	0	5724	0	0	0	0	0	0	0	0	0	0	0	0	0	0	0	87175
59	True	95399	0	0	5	0	0	0	0	0	0	0	0	0	3580	0	0	0	0	0	0	0	0	0	0	0	5635	0	0	0	0	0	0	0	0	0	0	0	0	0	0	0	86179
60	True	94102	0	0	3	0	0	0	0	0	0	0	0	0	3587	0	0	0	0	0	0	0	0	0	0	0	5710	0	0	0	0	0	0	0	0	0	0	0	0	0	0	0	84802
61	True	92815	0	0	1	0	0	0	0	0	0	0	0	0	3639	0	0	0	0	0	0	0	0	0	0	0	5506	0	0	0	0	0	0	0	0	0	0	0	0	0	0	0	83669
62	True	91495	0	0	3	0	0	0	0	0	0	0	0	0	3591	0	0	0	0	0	0	0	0	0	0	0	5516	0	0	0	0	0	0	0	0	0	0	0	0	0	0	0	82385
63	True	90144	0	0	3	0	0	0	0	0	0	0	0	0	3486	0	0	0	0	0	0	0	0	0	0	0	5426	0	0	0	0	0	0	0	0	0	0	0	0	0	0	0	81229
64	True	88779	0	0	2	0	0	0	0	0	0	0	0	0	3457	0	0	0	0	0	0	0	0	0	0	0	5408	0	0	0	0	0	0	0	0	0	0	0	0	0	0	0	79912
65	True	87377	0	0	2	0	0	0	0	0	0	0	0	0	3504	0	0	0	0	0	0	0	0	0	0	0	5215	0	0	0	0	0	0	0	0	0	0	0	0	0	0	0	78656
66	True	86047	0	0	3	0	0	0	0	0	0	0	0	0	3236	0	0	0	0	0	0	0	0	0	0	0	5278	0	0	0	0	0	0	0	0	0	0	0	0	0	0	0	77530
67	True	84692	0	0	3	0	0	0	0	0	0	0	0	0	3341	0	0	0	0	0	0	0	0	0	0	0	5028	0	0	0	0	0	0	0	0	0	0	0	0	0	0	0	76320
68	True	83436	0	0	6	0	0	0	0	0	0	0	0	0	3240	0	0	0	0	0	0	0	0	0	0	0	5007	0	0	0	0	0	0	0	0	0	0	0	0	0	0	0	75183
69	True	82046	0	0	1	0	0	0	0	0	0	0	0	0	3141	0	0	0	0	0	0	0	0	0	0	0	5028	0	0	0	0	0	0	0	0	0	0	0	0	0	0	0	73876
70	True	80781	0	0	1	0	0	0	0	0	0	0	0	0	3190	0	0	0	0	0	0	0	0	0	0	0	4812	0	0	0	0	0	0	0	0	0	0	0	0	0	0	0	72778
71	True	79455	0	0	3	0	0	0	0	0	0	0	0	0	3163	0	0	0	0	0	0	0	0	0	0	0	4821	0	0	0	0	0	0	0	0	0	0	0	0	0	0	0	71468
72	True	78084	0	0	1	0	0	0	0	0	0	0	0	0	3059	0	0	0	0	0	0	0	0	0	0	0	4633	0	0	0	0	0	0	0	0	0	0	0	0	0	0	0	70391
73	True	76786	0	0	2	0	0	0	0	0	0	0	0	0	2944	0	0	0	0	0	0	0	0	0	0	0	4731	0	0	0	0	0	0	0	0	0	0	0	0	0	0	0	69109
74	True	75484	0	0	3	0	0	0	0	0	0	0	0	0	2786	0	0	0	0	0	0	0	0	0	0	0	4678	0	0	0	0	0	0	0	0	0	0	0	0	0	0	0	68017
75	True	74127	0	0	4	0	0	0	0	0	0	0	0	0	2847	0	0	0	0	0	0	0	0	0	0	0	4452	0	0	0	0	0	0	0	0	0	0	0	0	0	0	0	66824
76	True	72746	0	0	1	0	0	0	0	0	0	0	0	0	2873	0	0	0	0	0	0	0	0	0	0	0	4302	0	0	0	0	0	0	0	0	0	0	0	0	0	0	0	65570
77	True	71455	0	0	4	0	0	0	0	0	0	0	0	0	2810	0	0	0	0	0	0	0	0	0	0	0	4305	0	0	0	0	0	0	0	0	0	0	0	0	0	0	0	64336
78	True	70104	0	0	4	0	0	0	0	0	0	0	0	0	2771	0	0	0	0	0	0	0	0	0	0	0	4228	0	0	0	0	0	0	0	0	0	0	0	0	0	0	0	63101
79	True	68780	0	0	5	0	0	0	0	0	0	0	0	0	2660	0	0	0	0	0	0	0	0	0	0	0	4127	0	0	0	0	0	0	0	0	0	0	0	0	0	0	0	61988
80	True	67477	0	0	4	0	0	0	0	0	0	0	0	0	2626	0	0	0	0	0	0	0	0	0	0	0	4076	0	0	0	0	0	0	0	0	0	0	0	0	0	0	0	60771
81	True	66192	0	0	5	0	0	0	0	0	0	0	0	0	2507	0	0	0	0	0	0	0	0	0	0	0	3993	0	0	0	0	0	0	0	0	0	0	0	0	0	0	0	59687
82	True	64849	0	0	0	0	0	0	0	0	0	0	0	0	2524	0	0	0	0	0	0	0	0	0	0	0	3945	0	0	0	0	0	0	0	0	0	0	0	0	0	0	0	58380
83	True	63559	0	0	3	0	0	0	0	0	0	0	0	0	2358	0	0	0	0	0	0	0	0	0	0	0	3924	0	0	0	0	0	0	0	0	0	0	0	0	0	0	0	57274
84	True	62216	0	0	3	0	0	0	0	0	0	0	0	0	2409	0	0	0	0	0	0	0	0	0	0	0	3826	0	0	0	0	0	0	0	0	0	0	0	0	0	0	0	55978
85	True	60802	0	0	3	0	0	0	0	0	0	0	0	0	2266	0	0	0	0	0	0	0	0	0	0	0	3656	0	0	0	0	0	0	0	0	0	0	0	0	0	0	0	54877
86	True	59498	0	0	2	0	0	0	0	0	0	0	0	0	2258	0	0	0	0	0	0	0	0	0	0	0	3508	0	0	0	0	0	0	0	0	0	0	0	0	0	0	0	53730
87	True	58220	0	0	5	0	0	0	0	0	0	0	0	0	2161	0	0	0	0	0	0	0	0	0	0	0	3491	0	0	0	0	0	0	0	0	0	0	0	0	0	0	0	52563
88	True	56984	0	0	4	0	0	0	0	0	0	0	0	0	2081	0	0	0	0	0	0	0	0	0	0	0	3457	0	0	0	0	0	0	0	0	0	0	0	0	0	0	0	51442
89	True	55699	0	0	4	0	0	0	0	0	0	0	0	0	2135	0	0	0	0	0	0	0	0	0	0	0	3282	0	0	0	0	0	0	0	0	0	0	0	0	0	0	0	50278
90	True	54356	0	0	3	0	0	0	0	0	0	0	0	0	2043	0	0	0	0	0	0	0	0	0	0	0	3219	0	0	0	0	0	0	0	0	0	0	0	0	0	0	0	49091
91	True	53007	0	0	4	0	0	0	0	0	0	0	0	0	1900	0	0	0	0	0	0	0	0	0	0	0	3160	0	0	0	0	0	0	0	0	0	0	0	0	0	0	0	47943
92	True	51737	0	0	3	0	0	0	0	0	0	0	0	0	1938	0	0	0	0	0	0	0	0	0	0	0	2958	0	0	0	0	0	0	0	0	0	0	0	0	0	0	0	46838
93	True	50452	0	0	5	0	0	0	0	0	0	0	0	0	1857	0	0	0	0	0	0	0	0	0	0	0	3020	0	0	0	0	0	0	0	0	0	0	0	0	0	0	0	45570
94	True	49093	0	0	4	0	0	0	0	0	0	0	0	0	1758	0	0	0	0	0	0	0	0	0	0	0	2875	0	0	0	0	0	0	0	0	0	0	0	0	0	0	0	44456
95	True	47724	0	0	4	0	0	0	0	0	0	0	0	0	1728	0	0	0	0	0	0	0	0	0	0	0	2788	0	0	0	0	0	0	0	0	0	0	0	0	0	0	0	43204
96	True	46380	0	0	1	0	0	0	0	0	0	0	0	0	1676	0	0	0	0	0	0	0	0	0	0	0	2759	0	0	0	0	0	0	0	0	0	0	0	0	0	0	0	41944
97	True	45051	0	0	3	0	0	0	0	0	0	0	0	0	1573	0	0	0	0	0	0	0	0	0	0	0	2643	0	0	0	0	0	0	0	0	0	0	0	0	0	0	0	40832
98	True	43747	0	0	0	0	0	0	0	0	0	0	0	0	1572	0	0	0	0	0	0	0	0	0	0	0	2490	0	0	0	0	0	0	0	0	0	0	0	0	0	0	0	39685
99	True	42390	0	0	2	0	0	0	0	0	0	0	0	0	1422	0	0	0	0	0	0	0	0	0	0	0	2566	0	0	0	0	0	0	0	0	0	0	0	0	0	0	0	38400
100	True	41055	0	0	0	0	0	0	0	0	0	0	0	0	1474	0	0	0	0	0	0	0	0	0	0	0	2355	0	0	0	0	0	0	0	0	0	0	0	0	0	0	0	37226
101	True	39701	0	0	3	0	0	0	0	0	0	0	0	0	1388	0	0	0	0	0	0	0	0	0	0	0	2230	0	0	0	0	0	0	0	0	0	0	0	0	0	0	0	36080
102	True	38389	0	0	2	0	0	0	0	0	0	0	0	0	1321	0	0	0	0	0	0	0	0	0	0	0	2254	0	0	0	0	0	0	0	0	0	0	0	0	0	0	0	34812
103	True	37063	0	0	1	0	0	0	0	0	0	0	0	0	1282	0	0	0	0	0	0	0	0	0	0	0	2163	0	0	0	0	0	0	0	0	0	0	0	0	0	0	0	33617
104	True	35709	0	0	0	0	0	0	0	0	0	0	0	0	1182	0	0	0	0	0	0	0	0	0	0	0	2057	0	0	0	0	0	0	0	0	0	0	0	0	0	0	0	32470
105	True	34423	0	0	1	0	0	0	0	0	0	0	0	0	1171	0	0	0	0	0	0	0	0	0	0	0	1970	0	0	0	0	0	0	0	0	0	0	0	0	0	0	0	31281
106	True	33144	0	0	0	0	0	0	0	0	0	0	0	0	1102	0	0	0	0	0	0	0	0	0	0	0	1881	0	0	0	0	0	0	0	0	0	0	0	0	0	0	0	30161
107	True	31863	0	0	2	0	0	0	0	0	0	0	0	0	1001	0	0	0	0	0	0	0	0	0	0	0	1841	0	0	0	0	0	0	0	0	0	0	0	0	0	0	0	29019
108	True	30552	0	0	1	0	0	0	0	0	0	0	0	0	1003	0	0	0	0	0	0	0	0	0	0	0	1719	0	0	0	0	0	0	0	0	0	0	0	0	0	0	0	27829
109	True	29237	0	0	2	0	0	0	0	0	0	0	0	0	944	0	0	0	0	0	0	0	0	0	0	0	1655	0	0	0	0	0	0	0	0	0	0	0	0	0	0	0	26636
110	True	27951	0	0	0	0	0	0	0	0	0	0	0	0	918	0	0	0	0	0	0	0	0	0	0	0	1587	0	0	0	0	0	0	0	0	0	0	0	0	0	0	0	25446
111	True	26702	0	0	1	0	0	0	0	0	0	0	0	0	845	0	0	0	0	0	0	0	0	0	0	0	1539	0	0	0	0	0	0	0	0	0	0	0	0	0	0	0	24317
112	True	25403	0	0	1	0	0	0	0	0	0	0	0	0	885	0	0	0	0	0	0	0	0	0	0	0	1403	0	0	0	0	0	0	0	0	0	0	0	0	0	0	0	23114
113	True	24178	0	0	0	0	0	0	0	0	0	0	0	0	738	0	0	0	0	0	0	0	0	0	0	0	1306	0	0	0	0	0	0	0	0	0	0	0	0	0	0	0	22134
114	True	22934	0	0	0	0	0	0	0	0	0	0	0	0	774	0	0	0	0	0	0	0	0	0	0	0	1255	0	0	0	0	0	0	0	0	0	0	0	0	0	0	0	20905
115	True	21752	0	0	0	0	0	0	0	0	0	0	0	0	786	0	0	0	0	0	0	0	0	0	0	0	1171	0	0	0	0	0	0	0	0	0	0	0	0	0	0	0	19795
116	True	20482	0	0	2	0	0	0	0	0	0	0	0	0	637	0	0	0	0	0	0	0	0	0	0	0	1149	0	0	0	0	0	0	0	0	0	0	0	0	0	0	0	18694
117	True	19313	0	0	1	0	0	0	0	0	0	0	0	0	629	0	0	0	0	0	0	0	0	0	0	0	1040	0	0	0	0	0	0	0	0	0	0	0	0	0	0	0	17643
118	True	18132	0	0	1	0	0	0	0	0	0	0	0	0	597	0	0	0	0	0	0	0	0	0	0	0	976	0	0	0	0	0	0	0	0	0	0	0	0	0	0	0	16558
119	True	16962	0	0	1	0	0	0	0	0	0	0	0	0	552	0	0	0	0	0	0	0	0	0	0	0	923	0	0	0	0	0	0	0	0	0	0	0	0	0	0	0	15486
120	True	15834	0	0	1	0	0	0	0	0	0	0	0	0	481	0	0	0	0	0	0	0	0	0	0	0	895	0	0	0	0	0	0	0	0	0	0	0	0	0	0	0	14457
121	True	14645	0	0	1	0	0	0	0	0	0	0	0	0	438	0	0	0	0	0	0	0	0	0	0	0	825	0	0	0	0	0	0	0	0	0	0	0	0	0	0	0	13381
122	True	13468	0	0	0	0	0	0	0	0	0	0	0	0	429	0	0	0	0	0	0	0	0	0	0	0	770	0	0	0	0	0	0	0	0	0	0	0	0	0	0	0	12269
123	True	12270	0	0	1	0	0	0	0	0	0	0	0	0	369	0	0	0	0	0	0	0	0	0	0	0	638	0	0	0	0	0	0	0	0	0	0	0	0	0	0	0	11262
124	True	11203	0	0	0	0	0	0	0	0	0	0	0	0	346	0	0	0	0	0	0	0	0	0	0	0	632	0	0	0	0	0	0	0	0	0	0	0	0	0	0	0	10225
125	True	10043	0	0	1	0	0	0	0	0	0	0	0	0	323	0	0	0	0	0	0	0	0	0	0	0	559	0	0	0	0	0	0	0	0	0	0	0	0	0	0	0	9160
126	True	8900	0	0	1	0	0	0	0	0	0	0	0	0	291	0	0	0	0	0	0	0	0	0	0	0	505	0	0	0	0	0	0	0	0	0	0	0	0	0	0	0	8103
127	True	7887	0	0	0	0	0	0	0	0	0	0	0	0	257	0	0	0	0	0	0	0	0	0	0	0	450	0	0	0	0	0	0	0	0	0	0	0	0	0	0	0	7180
128	True	6774	0	0	1	0	0	0	0	0	0	0	0	0	211	0	0	0	0	0	0	0	0	0	0	0	393	0	0	0	0	0	0	0	0	0	0	0	0	0	0	0	6169
129	True	5749	0	0	1	0	0	0	0	0	0	0	0	0	184	0	0	0	0	0	0	0	0	0	0	0	301	0	0	0	0	0	0	0	0	0	0	0	0	0	0	0	5263
130	True	4731	0	0	0	0	0	0	0	0	0	0	0	0	163	0	0	0	0	0	0	0	0	0	0	0	266	0	0	0	0	0	0	0	0	0	0	0	0	0	0	0	4302
131	True	3789	0	0	0	0	0	0	0	0	0	0	0	0	128	0	0	0	0	0	0	0	0	0	0	0	214	0	0	0	0	0	0	0	0	0	0	0	0	0	0	0	3447
132	True	2835	0	0	0	0	0	0	0	0	0	0	0	0	81	0	0	0	0	0	0	0	0	0	0	0	153	0	0	0	0	0	0	0	0	0	0	0	0	0	0	0	2601
133	True	1912	0	0	0	0	0	0	0	0	0	0	0	0	69	0	0	0	0	0	0	0	0	0	0	0	105	0	0	0	0	0	0	0	0	0	0	0	0	0	0	0	1738
134	True	1142	0	0	0	0	0	0	0	0	0	0	0	0	32	0	0	0	0	0	0	0	0	0	0	0	64	0	0	0	0	0	0	0	0	0	0	0	0	0	0	0	1046
135	True	471	0	0	0	0	0	0	0	0	0	0	0	0	11	0	0	0	0	0	0	0	0	0	0	0	31	0	0	0	0	0	0	0	0	0	0	0	0	0	0	0	429
136	True	55	0	0	0	0	0	0	0	0	0	0	0	0	7	0	0	0	0	0	0	0	0	0	0	0	11	0	0	0	0	0	0	0	0	0	0	0	0	0	0	0	37
137	True	48	0	0	0	0	0	0	0	0	0	0	0	0	3	0	0	0	0	0	0	0	0	0	0	0	6	0	0	0	0	0	0	0	0	0	0	0	0	0	0	0	39
138	True	42	0	0	0	0	0	0	0	0	0	0	0	0	5	0	0	0	0	0	0	0	0	0	0	0	5	0	0	0	0	0	0	0	0	0	0	0	0	0	0	0	32
139	True	37	0	0	0	0	0	0	0	0	0	0	0	0	2	0	0	0	0	0	0	0	0	0	0	0	7	0	0	0	0	0	0	0	0	0	0	0	0	0	0	0	28
140	True	33	0	0	0	0	0	0	0	0	0	0	0	0	5	0	0	0	0	0	0	0	0	0	0	0	2	0	0	0	0	0	0	0	0	0	0	0	0	0	0	0	26
141	True	31	0	0	0	0	0	0	0	0	0	0	0	0	1	0	0	0	0	0	0	0	0	0	0	0	7	0	0	0	0	0	0	0	0	0	0	0	0	0	0	0	23
142	True	29	0	0	0	0	0	0	0	0	0	0	0	0	1	0	0	0	0	0	0	0	0	0	0	0	3	0	0	0	0	0	0	0	0	0	0	0	0	0	0	0	25
143	True	25	0	0	0	0	0	0	0	0	0	0	0	0	1	0	0	0	0	0	0	0	0	0	0	0	5	0	0	0	0	0	0	0	0	0	0	0	0	0	0	0	19
144	True	22	0	0	0	0	0	0	0	0	0	0	0	0	2	0	0	0	0	0	0	0	0	0	0	0	3	0	0	0	0	0	0	0	0	0	0	0	0	0	0	0	17
145	True	19	0	0	0	0	0	0	0	0	0	0	0	0	1	0	0	0	0	0	0	0	0	0	0	0	3	0	0	0	0	0	0	0	0	0	0	0	0	0	0	0	15
146	True	16	0	0	0	0	0	0	0	0	0	0	0	0	0	0	0	0	0	0	0	0	0	0	0	0	3	0	0	0	0	0	0	0	0	0	0	0	0	0	0	0	13
147	True	16	0	0	0	0	0	0	0	0	0	0	0	0	0	0	0	0	0	0	0	0	0	0	0	0	2	0	0	0	0	0	0	0	0	0	0	0	0	0	0	0	14
148	True	16	0	0	0	0	0	0	0	0	0	0	0	0	2	0	0	0	0	0	0	0	0	0	0	0	1	0	0	0	0	0	0	0	0	0	0	0	0	0	0	0	13
149	True	12	0	0	0	0	0	0	0	0	0	0	0	0	1	0	0	0	0	0	0	0	0	0	0	0	1	0	0	0	0	0	0	0	0	0	0	0	0	0	0	0	10
150	True	11	0	0	0	0	0	0	0	0	0	0	0	0	0	0	0	0	0	0	0	0	0	0	0	0	1	0	0	0	0	0	0	0	0	0	0	0	0	0	0	0	10
