pos	ss	bases	0	1	2	3	4	5	6	7	8	9	10	11	12	13	14	15	16	17	18	19	20	21	22	23	24	25	26	27	28	29	30	31	32	33	34	35	36	37	38	39	40	41	42	43	44	45
-151	True	1	0	0	0	0	0	0	0	0	0	0	0	0	0	0	0	0	0	0	0	0	0	0	0	0	0	0	0	0	0	0	0	0	0	0	0	0	0	1	0	0	0	0	0	0	0	0
-150	True	2	0	0	0	0	0	0	0	0	0	0	0	0	0	0	0	0	0	0	0	0	0	0	0	0	0	0	0	0	0	0	0	0	0	0	0	0	0	0	1	0	0	0	1	0	0	0
-149	True	2	0	0	0	0	0	0	0	0	0	0	0	0	0	0	0	0	0	0	0	0	0	0	0	0	0	0	0	0	0	0	0	0	0	0	0	0	0	0	0	0	0	0	1	1	0	0
-148	True	2	0	0	0	0	0	0	0	0	0	0	0	0	0	0	0	0	0	0	0	0	0	0	0	0	0	0	0	0	0	0	0	0	0	0	0	0	0	0	0	0	0	1	0	1	0	0
-147	True	3	0	0	0	0	0	0	0	0	0	0	0	0	0	0	0	0	0	0	0	0	0	0	0	0	0	0	0	0	0	0	0	0	0	0	0	0	0	1	0	0	0	0	1	1	0	0
-146	True	3	0	0	0	0	0	0	0	0	0	0	0	0	0	0	0	0	0	0	0	0	0	0	0	0	0	0	0	0	0	0	0	0	0	0	0	0	0	0	0	0	1	0	1	1	0	0
-145	True	4	0	0	0	0	0	0	0	0	0	0	0	0	0	0	0	0	0	0	0	0	0	0	0	0	0	0	0	0	0	0	0	0	0	0	0	0	1	0	0	0	2	0	1	0	0	0
-144	True	5	0	0	0	0	0	0	0	0	0	0	0	0	0	0	0	0	0	0	0	0	0	0	0	0	0	0	0	0	0	0	0	0	0	0	0	0	0	1	1	0	1	1	0	1	0	0
-143	True	5	0	0	0	0	0	0	0	0	0	0	0	0	0	0	0	0	0	0	0	0	0	0	0	0	0	0	0	0	0	0	0	0	0	0	0	0	0	0	0	0	2	1	0	2	0	0
-142	True	8	0	0	0	0	0	0	0	0	0	0	0	0	0	0	0	0	0	0	0	0	0	0	0	0	0	0	0	0	0	0	0	0	0	0	0	0	0	2	1	0	2	1	0	0	2	0
-141	True	8	0	0	0	0	0	0	0	0	0	0	0	0	0	0	0	0	0	0	0	0	0	0	0	0	0	0	0	0	0	0	0	0	0	0	0	0	0	0	0	0	4	0	2	1	1	0
-140	True	10	0	0	0	0	0	0	0	0	0	0	0	0	0	0	0	0	0	0	0	0	0	0	0	0	0	0	0	0	0	0	0	0	0	0	0	0	0	2	0	1	3	0	2	0	2	0
-139	True	13	0	0	0	0	0	0	0	0	0	0	0	0	0	0	0	0	0	0	0	0	0	0	0	0	0	0	0	0	0	0	0	0	0	0	0	0	1	1	1	0	4	1	2	1	2	0
-138	True	14	0	0	0	0	0	0	0	0	0	0	0	0	0	0	0	0	0	0	0	0	0	0	0	0	0	0	0	0	0	0	0	0	0	0	0	0	0	0	1	0	5	1	1	4	2	0
-137	True	14	0	0	0	0	0	0	0	0	0	0	0	0	0	0	0	0	0	0	0	0	0	0	0	0	0	0	0	0	0	0	0	0	0	0	0	0	0	0	0	1	4	0	2	4	3	0
-136	True	15	0	0	0	0	0	0	0	0	0	0	0	0	0	0	0	0	0	0	0	0	0	0	0	0	0	0	0	0	0	0	0	0	0	0	0	0	0	1	0	0	4	0	4	2	4	0
-135	True	17	0	0	0	0	0	0	0	0	0	0	0	0	0	0	0	0	0	0	0	0	0	0	0	0	0	0	0	0	0	0	0	0	0	0	0	0	0	1	1	0	6	0	2	3	3	1
-134	True	19	0	0	0	0	0	0	0	0	0	0	0	0	0	0	0	0	0	0	0	0	0	0	0	0	0	0	1	0	0	0	0	0	0	0	0	0	1	2	0	0	4	0	2	4	4	1
-133	True	24	0	0	0	0	0	0	0	0	0	0	0	0	0	0	0	0	0	0	0	0	0	0	0	0	0	0	0	0	0	0	0	0	0	0	1	0	0	4	0	0	6	0	1	5	5	2
-132	True	27	0	0	0	0	0	0	0	0	0	0	0	0	0	0	0	0	0	0	0	0	0	0	0	0	0	0	0	1	1	0	0	0	0	0	0	0	0	3	1	1	7	0	0	5	4	4
-131	True	43	0	0	0	0	0	0	0	0	0	0	0	0	0	0	0	0	0	0	0	0	0	0	0	0	0	0	0	0	1	0	0	0	0	0	0	0	2	8	5	0	9	1	3	3	8	3
-130	True	59	0	0	0	0	0	0	0	0	0	0	0	0	0	0	0	0	0	0	0	0	0	0	0	0	0	0	0	0	0	0	0	0	0	1	0	0	0	8	9	1	15	0	4	10	6	5
-129	True	1292	0	0	0	0	1	0	0	0	0	0	0	0	0	0	0	0	0	0	0	0	0	1	0	1	1	1	2	0	3	3	3	6	5	8	9	21	78	835	261	1	22	2	2	17	6	3
-128	True	2497	0	0	0	0	0	0	0	0	0	1	0	0	0	1	0	0	2	0	1	1	0	2	1	0	2	0	1	1	3	2	3	3	2	9	12	14	76	804	298	23	624	28	157	414	8	4
-127	True	3704	2	0	0	0	0	0	0	0	0	0	0	0	0	0	0	1	0	1	0	2	3	0	2	1	5	0	10	4	6	5	9	6	10	7	16	19	83	815	286	44	1122	75	336	819	11	4
-126	True	4932	3	0	0	0	0	0	0	1	0	0	0	1	0	0	1	0	1	0	1	6	2	3	4	1	2	3	1	3	4	6	4	10	11	13	18	22	82	844	317	62	1672	112	526	1179	10	7
-125	True	6162	1	0	0	0	0	0	0	0	0	1	0	0	0	0	1	0	0	3	0	0	1	1	3	5	2	5	5	3	4	10	10	9	7	19	15	26	109	879	286	87	2236	159	695	1560	14	6
-124	True	7409	0	0	0	0	0	1	0	0	0	1	3	1	0	0	0	2	0	1	4	4	1	1	2	2	5	5	9	1	8	15	12	7	17	12	21	29	114	895	308	113	2798	221	847	1933	10	6
-123	True	8605	1	0	0	1	0	0	0	0	1	0	0	0	3	1	0	3	1	1	4	1	3	3	1	5	6	5	3	10	4	9	8	13	9	15	18	40	98	834	354	127	3435	268	1018	2266	23	13
-122	True	9845	0	0	0	0	0	0	0	0	2	1	0	1	1	2	1	1	2	3	4	1	5	1	6	3	3	4	7	7	14	15	10	18	22	13	29	45	118	870	356	146	3942	345	1174	2629	28	16
-121	True	11105	3	0	0	2	3	3	0	2	1	1	0	2	0	1	4	5	2	6	3	3	2	5	3	4	10	10	6	2	10	16	12	11	25	29	31	48	100	891	362	173	3921	364	1265	2723	892	149
-120	True	12363	2	0	0	0	1	2	1	1	0	0	1	1	2	2	4	2	6	5	4	2	3	7	9	8	6	6	11	14	17	15	20	32	22	27	38	42	112	905	382	158	3993	379	1260	2854	1701	306
-119	True	13677	0	0	0	1	1	3	0	2	1	1	0	2	3	1	3	5	7	3	5	2	7	5	8	11	5	15	15	15	16	27	12	16	26	25	39	61	152	961	373	161	4025	419	1275	3009	2533	426
-118	True	14913	2	0	1	2	1	4	2	0	0	2	4	3	1	0	2	2	3	1	3	7	5	7	7	7	8	15	10	10	18	26	26	20	40	32	53	52	141	877	403	189	4099	437	1382	3138	3284	587
-117	True	16216	0	0	0	3	1	1	3	1	1	2	3	3	0	4	0	5	1	1	5	4	9	8	10	9	16	15	19	16	11	21	24	22	49	31	50	51	143	988	425	196	4078	469	1361	3228	4206	723
-116	True	17435	2	0	0	0	5	1	1	2	3	2	4	3	5	3	1	7	3	10	6	6	9	8	10	3	15	12	16	24	16	31	26	32	32	29	57	69	138	897	387	197	4101	477	1424	3408	5071	882
-115	True	18765	2	0	0	3	5	1	4	0	6	4	1	3	2	1	4	6	6	1	10	9	12	12	12	10	13	14	21	22	24	26	31	26	37	29	62	84	154	1009	418	216	4080	475	1496	3592	5839	983
-114	True	20047	1	0	0	2	3	2	2	1	3	3	3	3	6	4	7	3	8	11	7	3	9	21	13	9	15	13	19	31	24	24	32	24	52	48	60	76	157	979	417	201	4160	483	1470	3644	6036	1958
-113	True	21366	2	0	1	1	1	1	3	4	2	4	5	6	7	5	4	5	10	7	12	3	15	16	18	13	15	21	22	22	29	29	39	38	61	36	85	84	152	994	449	265	4152	583	1498	3636	6216	2795
-112	True	22679	3	0	0	3	2	6	4	4	4	2	3	4	1	4	11	10	4	11	19	9	16	6	4	22	20	17	18	21	39	37	37	35	45	45	77	107	167	965	470	247	4236	551	1530	3748	6478	3637
-111	True	23894	0	0	0	5	3	2	4	3	4	3	5	4	2	4	6	11	10	9	11	7	10	18	15	14	20	13	27	33	40	49	47	48	66	58	78	75	167	959	412	262	4233	549	1582	3764	6737	4525
-110	True	25197	2	0	0	1	3	2	3	3	3	3	3	5	3	4	10	7	8	15	11	15	16	20	18	24	21	17	22	32	29	56	55	46	68	48	80	91	171	1011	484	261	4235	572	1595	3804	6861	5459
-109	True	26467	0	0	1	1	4	6	6	6	2	2	2	6	6	6	8	5	7	10	5	9	12	14	20	12	25	26	28	29	38	55	52	38	68	64	109	114	150	1033	453	276	4294	597	1635	3800	6976	6457
-108	True	27672	1	0	0	3	2	3	6	4	3	11	6	4	10	10	9	13	9	13	11	11	15	12	20	24	15	31	35	43	48	47	44	61	67	58	118	107	177	942	497	252	4323	615	1639	3860	7163	7330
-107	True	28873	1	0	0	7	4	7	6	10	2	3	5	9	7	8	9	9	6	14	11	20	13	14	18	18	28	22	32	32	36	51	59	57	76	56	84	117	184	972	475	320	4243	643	1643	3879	7466	8197
-106	True	30137	4	0	0	6	7	4	4	6	5	1	7	3	5	8	12	8	17	14	16	18	16	13	22	19	21	28	33	34	47	40	47	56	86	65	112	121	192	1062	499	272	4281	631	1632	3878	7711	9074
-105	True	31409	2	0	1	0	5	6	6	11	6	2	1	5	5	9	6	10	10	18	13	14	21	25	21	28	24	28	40	35	36	52	55	47	80	92	119	109	198	947	563	301	4266	629	1730	3918	7866	10049
-104	True	32637	4	0	1	2	7	7	2	8	8	10	7	6	10	7	12	10	18	14	23	14	20	21	24	33	29	30	36	36	48	49	62	59	99	73	111	140	245	1002	459	310	4198	668	1795	3950	7910	11060
-103	True	33849	3	0	0	4	8	3	4	7	4	8	5	2	6	5	10	9	17	16	13	20	20	16	32	37	28	33	32	42	51	39	76	69	85	60	105	127	216	1002	502	337	4205	675	1798	3976	8112	12030
-102	True	35141	4	0	0	4	3	7	7	7	4	7	4	4	7	11	10	12	18	19	13	17	23	32	30	38	33	30	36	43	45	53	65	60	102	84	125	148	231	1051	538	306	4219	687	1832	4122	8242	12808
-101	True	36424	3	0	0	5	8	5	8	3	12	8	14	3	15	7	12	15	16	17	24	24	20	21	37	33	37	38	36	38	48	70	61	70	79	72	154	124	242	1047	554	355	4200	719	1861	4107	8524	13678
-100	True	37670	3	0	1	7	10	6	6	7	5	4	15	10	8	10	7	22	16	12	15	21	22	26	30	31	34	31	54	36	61	74	62	60	91	82	140	148	236	1018	539	348	4250	706	1877	4143	8472	14914
-99	True	38900	1	0	0	2	7	10	8	8	11	11	4	9	16	14	17	13	15	15	21	15	30	22	35	28	30	39	36	64	62	77	69	71	97	86	142	148	219	1054	559	381	4283	758	1893	4145	8623	15752
-98	True	40192	1	0	0	5	7	5	8	10	7	6	7	16	9	5	11	15	17	19	20	24	31	33	27	32	40	38	52	48	58	82	67	75	109	112	146	121	225	1070	628	343	4287	774	1904	4310	8765	16623
-97	True	41436	2	0	0	8	7	15	5	4	6	14	9	13	8	10	12	12	19	19	18	28	28	24	42	37	29	48	49	60	46	88	59	83	114	128	190	135	239	1051	548	441	4282	727	1918	4314	8941	17606
-96	True	42647	3	0	0	10	2	8	9	16	7	4	12	8	10	13	22	17	10	16	21	22	35	21	37	44	30	47	46	56	61	65	95	88	127	107	155	155	245	1036	597	383	4328	829	1969	4308	9103	18470
-95	True	43893	4	0	0	6	13	8	11	9	10	9	6	15	17	15	11	14	15	27	22	23	38	31	38	38	30	48	54	72	74	78	91	70	115	107	158	157	288	1052	550	406	4376	815	1927	4330	9275	19440
-94	True	45166	2	1	0	8	12	9	8	9	8	9	11	11	11	11	19	16	17	14	18	28	27	28	36	47	47	47	45	57	85	74	87	95	119	127	172	167	274	1092	617	424	4387	778	1944	4332	9392	20444
-93	True	46432	1	0	1	6	10	8	10	13	9	8	10	13	16	18	18	22	31	22	25	25	34	29	40	47	48	63	53	73	72	80	93	76	122	116	187	169	297	1102	620	442	4395	805	2035	4343	9611	21214
-92	True	47688	1	0	0	9	11	10	13	16	15	11	12	13	15	17	13	14	21	22	24	22	31	35	29	40	37	50	46	73	79	92	94	115	108	120	202	177	264	1087	588	460	4356	799	2053	4475	9843	22176
-91	True	49049	3	0	0	16	7	15	12	9	18	7	14	11	14	15	19	19	26	17	34	24	47	31	38	31	39	58	60	68	79	86	104	98	144	148	156	173	294	1138	657	432	4399	805	2118	4492	9961	23113
-90	True	50330	2	0	0	7	15	14	6	17	13	12	18	13	12	8	16	18	22	26	23	22	34	26	38	49	40	59	56	59	83	91	102	108	137	125	197	183	317	1135	622	488	4411	825	2213	4533	10234	23901
-89	True	51599	6	0	0	8	12	13	10	14	9	14	12	12	15	23	22	29	16	26	27	30	40	28	42	52	46	46	60	77	89	99	93	100	131	144	188	208	303	1113	615	464	4429	852	2115	4616	10520	24831
-88	True	53011	1	0	0	9	18	11	12	16	10	19	8	19	10	16	12	19	24	30	24	32	32	41	45	53	52	53	59	92	89	97	102	88	137	141	193	177	306	1157	714	474	4474	898	2243	4738	10553	25713
-87	True	54254	4	0	0	7	7	15	9	13	11	13	7	16	14	25	22	22	27	19	39	41	42	44	46	45	50	53	63	80	82	92	130	97	148	131	186	167	313	1150	632	504	4533	930	2238	4799	10701	26687
-86	True	55603	5	0	0	9	12	9	11	9	8	14	11	15	14	15	22	31	22	27	37	37	32	39	40	52	45	55	62	69	88	105	124	126	137	188	236	205	349	1151	680	506	4478	992	2289	4757	10998	27492
-85	True	56889	4	0	0	13	8	13	15	14	10	18	11	18	13	14	13	29	31	20	35	32	37	33	40	52	55	82	56	70	87	119	130	115	185	168	225	200	336	1177	681	538	4504	1008	2428	4810	11049	28393
-84	True	58277	3	0	0	10	24	16	7	15	9	11	16	14	9	21	20	21	18	26	33	34	43	37	50	53	49	70	76	81	86	130	122	132	155	153	209	220	309	1250	702	499	4494	988	2352	4888	11367	29455
-83	True	59579	6	0	0	12	9	11	13	8	22	15	12	9	17	22	18	20	26	24	23	23	42	44	39	43	78	73	66	91	103	111	157	115	164	162	236	208	334	1180	728	539	4662	991	2425	4897	11480	30321
-82	True	60934	4	0	0	18	11	14	13	10	14	15	10	17	16	23	15	37	19	25	39	53	45	42	58	66	43	77	69	90	105	120	129	117	166	177	251	214	350	1206	731	497	4568	1031	2396	5062	11785	31186
-81	True	62260	6	0	2	11	18	12	16	18	10	21	15	25	16	16	29	31	29	24	33	41	49	52	48	61	64	77	80	97	97	96	133	111	168	177	238	217	340	1235	720	565	4630	1023	2536	5070	11931	32072
-80	True	63575	4	0	1	8	14	19	7	13	10	17	18	20	27	17	19	22	31	31	41	35	32	45	61	65	68	85	74	91	95	111	109	138	154	196	223	226	364	1231	688	580	4724	1097	2486	5042	12153	33083
-79	True	64849	4	0	1	13	19	20	19	17	17	11	13	21	23	23	21	31	26	38	31	44	46	54	75	66	59	96	74	95	104	103	121	121	190	187	260	250	370	1177	726	584	4717	1068	2517	5173	12352	33872
-78	True	66121	3	0	0	1	20	14	18	17	21	14	17	19	16	16	30	29	23	42	33	38	45	38	57	79	61	75	94	108	103	110	135	127	180	190	248	243	396	1221	709	608	4740	1079	2588	5099	12422	34995
-77	True	67447	4	0	2	14	18	17	19	11	15	19	20	25	20	23	18	34	28	42	36	33	55	39	59	63	80	89	63	99	105	118	141	166	167	177	257	251	362	1258	722	602	4777	1133	2574	5168	12551	35973
-76	True	68690	2	0	0	14	15	16	17	18	13	19	15	14	16	22	27	22	36	30	39	43	52	53	62	65	74	82	76	102	121	131	153	155	203	193	259	259	369	1207	748	593	4701	1170	2571	5198	12914	36801
-75	True	69899	4	0	0	9	20	19	17	26	16	17	12	21	23	25	30	32	39	37	35	54	42	40	65	77	60	70	74	109	106	132	142	160	193	179	263	266	420	1220	725	648	4672	1156	2603	5270	13085	37686
-74	True	71151	2	0	1	17	27	19	8	13	17	17	13	25	16	25	26	37	39	29	31	49	44	44	61	83	78	91	84	124	117	145	139	165	199	223	262	271	413	1209	743	658	4637	1049	2679	5259	13323	38640
-73	True	72398	5	0	1	13	14	15	16	17	19	19	18	23	29	30	21	42	34	44	33	54	61	54	58	78	72	96	81	96	107	145	137	138	194	201	268	281	412	1230	809	680	4620	1206	2748	5392	13366	39421
-72	True	73670	4	0	1	9	22	19	19	23	16	23	16	21	17	34	26	38	35	35	42	62	50	51	73	73	73	95	85	114	119	142	148	149	198	200	283	243	401	1251	767	653	4629	1148	2635	5295	13836	40497
-71	True	74975	1	0	1	18	19	21	16	14	22	21	20	15	22	19	33	29	30	34	38	47	54	63	64	65	58	83	103	117	119	130	169	158	187	193	309	267	443	1252	781	688	4597	1181	2753	5442	13799	41480
-70	True	76271	5	0	1	21	16	18	25	22	16	17	22	26	26	24	30	36	30	43	47	49	62	64	88	81	88	90	96	122	135	158	173	161	187	221	315	311	451	1319	772	717	4647	1260	2768	5380	13951	42180
-69	True	77603	5	0	1	9	25	28	15	12	16	9	24	21	16	30	44	43	31	42	36	63	61	60	92	73	96	106	95	147	116	154	170	152	212	235	288	287	418	1296	808	709	4636	1218	2624	5580	14228	43272
-68	True	78851	4	0	1	25	26	13	18	19	19	20	23	21	30	32	34	36	34	36	51	56	53	55	72	81	97	113	101	124	140	157	159	179	204	232	307	321	459	1286	784	714	4709	1260	2809	5555	14214	44168
-67	True	80123	5	0	0	15	23	23	13	18	19	22	19	21	32	35	28	34	35	55	53	45	60	50	78	80	86	86	89	135	114	154	178	163	225	235	297	305	446	1246	833	727	4750	1224	2790	5579	14547	45151
-66	True	81322	3	0	0	20	21	16	9	16	27	17	19	13	32	32	27	31	45	42	48	41	43	47	69	70	80	79	110	151	143	157	181	187	224	218	302	312	450	1237	823	742	4745	1238	2869	5662	14709	46015
-65	True	82571	3	0	1	11	27	24	20	16	26	21	21	29	29	18	47	45	48	23	46	53	69	48	76	83	95	101	133	132	136	175	172	173	218	227	338	318	470	1300	828	738	4682	1257	2876	5709	14784	46925
-64	True	83876	1	0	0	12	26	20	15	11	18	21	27	25	31	27	48	47	43	48	40	52	74	59	83	88	99	110	111	118	143	169	177	202	235	268	282	323	466	1321	870	741	4703	1312	2874	5674	14834	48028
-63	True	85175	2	0	0	21	26	16	23	28	24	32	25	31	28	28	35	32	47	53	58	58	80	72	89	95	91	110	110	122	149	160	187	207	235	266	303	300	473	1338	846	723	4766	1364	2957	5873	15113	48579
-62	True	86403	3	0	0	13	14	29	12	18	25	14	27	28	22	23	20	38	52	52	45	55	65	68	83	98	103	95	103	149	138	174	174	197	244	253	330	315	458	1369	883	759	4740	1306	2919	5810	15132	49948
-61	True	87690	5	0	0	19	26	15	25	27	20	23	25	25	25	36	20	52	37	52	53	66	70	79	74	104	88	92	115	146	158	180	180	201	257	274	317	334	457	1324	866	799	4698	1312	3025	5911	15504	50574
-60	True	88995	2	0	0	23	24	24	24	20	23	21	27	37	33	30	41	48	59	45	50	64	75	70	95	102	82	111	130	151	161	177	195	187	269	260	345	332	491	1395	917	817	4666	1401	2964	5971	15793	51243
-59	True	90299	3	0	1	20	24	21	27	20	29	33	28	24	30	33	46	34	48	49	49	60	69	69	89	99	95	131	100	142	164	194	189	224	257	272	355	328	548	1396	841	796	4799	1383	3040	5959	15818	52363
-58	True	91527	7	0	1	23	23	24	27	27	18	24	31	34	22	37	42	45	49	55	53	57	91	69	81	95	112	122	126	173	149	190	198	212	242	268	385	378	497	1360	937	808	4837	1398	3121	6000	15994	53085
-57	True	92807	3	0	2	21	27	21	30	24	23	21	17	37	20	30	38	40	55	45	58	74	71	82	94	93	103	109	118	137	165	201	222	212	267	271	349	335	537	1427	885	772	4909	1452	3128	6057	15996	54229
-56	True	94099	6	0	0	31	25	29	27	19	23	24	31	27	27	41	41	51	40	62	54	56	67	75	95	100	92	126	124	143	166	212	215	226	269	287	357	387	514	1385	922	834	4829	1403	3162	6037	16307	55151
-55	True	95546	3	0	1	15	29	34	18	29	22	25	21	37	38	48	35	55	45	54	64	64	80	81	85	93	99	125	122	158	166	194	220	226	310	290	346	401	535	1378	913	822	4953	1446	3163	6197	16645	55861
-54	True	96901	5	0	1	14	28	30	27	27	35	20	23	23	33	42	39	45	45	45	59	56	67	75	100	111	99	116	126	137	194	181	217	225	288	265	376	389	594	1387	897	844	5002	1459	3114	6265	16821	56955
-53	True	98196	6	0	1	18	27	22	29	34	25	24	29	32	39	53	43	55	39	66	74	66	80	95	100	97	124	126	122	153	186	194	271	237	299	340	373	419	535	1385	1017	832	4987	1492	3275	6291	16786	57698
-52	True	99419	5	0	0	19	42	22	24	36	17	31	30	35	31	39	38	48	56	53	67	68	83	80	103	100	115	135	141	153	173	207	223	254	299	310	373	372	530	1343	914	891	5122	1521	3173	6259	16939	58945
-51	True	100745	6	0	1	23	29	26	32	34	22	25	25	31	44	46	38	54	58	67	62	72	83	82	100	123	126	143	135	169	157	173	226	242	264	311	387	381	517	1481	963	889	5070	1463	3312	6349	17411	59493
-50	True	101978	9	0	0	23	30	17	27	28	22	25	36	29	43	34	41	45	54	53	83	65	68	84	118	130	104	119	151	183	178	205	219	245	297	293	394	370	561	1428	1002	887	5100	1512	3401	6357	17383	60525
-49	True	103239	5	0	1	19	29	29	35	32	32	30	24	37	46	49	43	57	62	55	51	88	80	101	93	115	120	126	128	162	204	198	228	258	301	323	391	443	565	1469	997	863	5079	1575	3386	6451	17665	61194
-48	True	104548	5	0	0	21	27	43	26	28	26	30	28	31	36	43	36	51	47	70	63	73	81	110	109	115	125	153	136	177	197	239	241	244	295	324	383	387	600	1496	970	940	5038	1606	3312	6564	17749	62273
-47	True	105833	7	0	1	25	42	31	36	28	33	44	43	36	48	43	57	47	54	70	66	84	80	75	110	101	111	153	161	186	210	197	269	234	337	346	396	386	578	1428	1002	869	5108	1568	3323	6505	17958	63347
-46	True	107197	6	0	1	24	32	33	30	33	27	17	24	28	41	38	56	57	69	54	63	68	93	89	104	117	121	149	161	197	199	203	229	266	290	322	408	432	605	1596	980	958	5081	1659	3410	6592	18101	64134
-45	True	108472	8	0	2	23	43	28	27	34	35	26	37	35	33	34	41	62	54	64	62	85	95	118	116	114	120	170	158	186	203	228	255	264	283	324	398	469	611	1451	1003	994	5149	1611	3429	6714	18681	64595
-44	True	109698	8	0	1	20	42	51	32	16	34	25	27	38	30	35	43	61	53	60	58	90	101	101	106	120	126	148	162	207	192	255	257	262	308	334	395	438	631	1460	967	940	5208	1666	3438	6803	18342	66007
-43	True	111011	10	0	0	25	34	28	36	35	34	38	44	44	42	46	50	46	64	76	61	110	122	105	128	124	114	159	211	181	206	253	265	269	326	368	422	463	600	1485	1083	995	5238	1663	3433	6678	18869	66428
-42	True	112206	12	0	0	22	37	23	32	26	34	24	32	26	35	35	61	53	72	68	76	77	89	108	107	133	107	161	147	192	211	229	254	248	312	328	413	460	573	1392	1036	973	5220	1643	3494	6686	19003	67942
-41	True	113448	5	0	3	28	42	30	28	34	32	33	44	46	57	58	43	72	72	76	76	86	109	91	114	139	157	149	164	229	214	213	281	302	331	352	405	440	648	1408	1068	978	5178	1685	3472	6810	18946	68700
-40	True	114647	4	0	1	27	43	40	25	39	33	31	28	57	47	47	61	64	82	70	69	75	86	107	115	136	139	163	180	197	222	244	268	290	333	344	458	453	685	1477	1080	933	5199	1717	3505	6920	19192	69361
-39	True	115954	3	0	2	25	37	56	26	39	37	35	40	50	40	44	47	73	62	63	87	87	102	120	123	140	155	161	161	198	206	270	239	266	361	388	441	475	623	1530	1089	1050	5159	1782	3528	6910	19157	70467
-38	True	117209	8	0	1	33	43	45	55	31	25	40	41	41	49	49	57	67	76	77	83	99	94	107	126	122	153	162	173	194	204	224	258	287	347	360	493	485	672	1562	1032	1024	5112	1740	3687	6915	19607	71149
-37	True	118490	8	0	0	21	47	39	34	35	44	29	36	29	40	54	61	63	72	77	89	83	108	121	128	148	132	158	192	208	222	230	265	280	340	398	440	486	656	1568	1091	1024	5145	1835	3689	7054	19843	71868
-36	True	119777	8	0	2	50	36	30	35	37	37	45	32	31	38	55	56	58	56	67	87	110	97	109	114	140	155	149	175	219	226	191	285	269	368	401	445	496	702	1519	1116	1018	5191	1791	3720	7133	19793	73085
-35	True	121045	9	0	2	36	50	32	40	36	37	29	52	53	43	62	52	78	75	67	86	80	98	111	112	147	169	167	162	228	248	257	299	313	366	379	465	499	724	1569	1107	1072	5104	1891	3721	6964	20306	73648
-34	True	122323	8	0	3	27	40	30	33	38	35	32	43	57	49	43	52	70	73	85	78	95	119	108	129	128	132	164	197	229	264	266	294	283	403	379	469	488	680	1549	1156	1056	5112	1809	3831	7122	20221	74844
-33	True	123622	5	0	0	22	48	28	38	26	42	36	45	46	45	59	66	66	68	73	93	113	133	112	128	161	153	163	170	231	243	278	245	321	394	355	512	502	659	1642	1162	1128	5137	1843	3773	7343	20438	75477
-32	True	124910	9	0	2	30	34	29	32	39	38	43	38	38	47	44	61	86	96	82	105	106	113	130	127	147	142	155	184	230	228	248	329	349	383	393	501	513	740	1564	1153	1090	5261	1795	3803	7386	20403	76584
-31	True	126171	2	0	3	29	51	35	32	40	39	45	48	48	42	64	74	56	59	66	82	101	96	110	115	162	171	181	174	219	213	289	277	344	394	420	483	498	674	1612	1139	1145	5219	1951	3984	7248	20650	77487
-30	True	127422	9	0	3	23	55	40	44	34	37	40	33	54	46	61	63	78	69	87	88	96	120	137	139	163	137	176	204	237	207	261	288	305	415	426	520	526	683	1579	1169	1089	5321	1887	3810	7288	21016	78359
-29	True	128716	10	0	0	35	41	27	39	43	40	48	27	39	44	60	66	75	77	87	83	90	115	110	138	163	139	197	205	213	259	256	308	347	373	436	522	561	727	1616	1107	1174	5337	1919	3840	7590	20910	79223
-28	True	129955	2	0	2	44	50	35	39	45	46	46	53	43	56	61	64	79	76	81	89	111	105	135	148	136	182	184	206	243	277	257	323	321	372	455	527	565	716	1582	1219	1194	5371	2006	3948	7436	21293	79732
-27	True	131255	12	0	2	27	47	47	46	35	38	55	30	36	51	66	65	88	82	72	94	118	124	133	144	174	154	191	198	233	267	296	319	311	381	441	490	557	720	1629	1202	1156	5419	1950	3936	7556	21413	80850
-26	True	132508	6	0	0	35	45	47	48	50	45	34	52	32	64	69	56	82	76	82	87	108	99	138	143	150	130	200	191	230	233	289	338	328	381	445	521	537	714	1629	1252	1199	5414	1935	3972	7550	21572	81900
-25	True	133752	9	0	1	38	45	53	41	43	36	36	54	45	47	65	75	79	102	96	102	112	107	104	143	149	153	201	217	233	274	339	353	355	394	452	523	551	770	1712	1199	1211	5362	2042	4111	7676	21809	82233
-24	True	134993	3	0	4	42	40	47	48	46	55	42	54	37	67	64	66	70	70	86	107	104	114	121	140	164	159	200	209	230	257	323	349	326	363	439	605	543	775	1622	1213	1191	5342	2027	4051	7652	21842	83684
-23	True	136258	9	0	3	28	40	47	52	37	37	56	49	58	66	65	73	77	85	101	98	101	124	146	137	177	175	219	214	277	291	310	352	347	410	467	575	635	746	1623	1226	1216	5317	2087	4101	7800	22153	84051
-22	True	137501	5	0	3	31	46	53	52	48	46	68	62	53	63	63	54	59	82	84	111	97	122	109	166	151	164	206	220	281	291	302	311	364	361	439	574	566	775	1670	1239	1205	5320	2011	4079	7750	22378	85367
-21	True	138800	6	0	2	43	52	47	47	51	37	44	56	40	71	60	63	71	96	79	79	114	126	129	143	198	163	231	241	242	269	306	342	347	413	490	588	586	768	1647	1287	1240	5343	2142	4130	7833	22702	85836
-20	True	140186	8	0	0	38	44	48	42	42	40	54	48	46	47	72	83	79	82	97	99	101	114	139	155	177	167	197	191	246	292	319	369	392	435	491	550	601	766	1729	1351	1220	5505	2079	4188	7892	22759	86792
-19	True	141490	7	0	1	33	51	46	40	58	48	52	51	55	63	58	67	76	89	90	108	115	125	130	152	179	180	213	222	255	284	308	314	365	422	477	579	588	826	1662	1267	1273	5419	2138	4158	7901	22928	88017
-18	True	141490	9	0	4	36	60	46	42	51	45	47	51	60	53	57	78	67	77	88	109	114	135	165	180	161	186	202	223	295	280	347	317	363	432	470	575	557	734	843	1033	1240	5584	2122	4271	8089	23225	88367
-17	True	141490	5	0	2	44	42	46	40	37	46	49	54	70	51	81	76	75	103	97	117	134	138	136	167	172	188	221	260	288	312	312	332	351	413	474	558	567	710	859	1025	1297	4907	2149	4037	7659	23368	89421
-16	True	141490	8	0	3	42	50	51	44	46	37	54	57	63	57	80	57	78	87	97	104	120	132	124	178	186	168	236	231	281	298	298	348	409	462	464	548	553	718	911	1012	1234	4477	2166	3768	7269	23573	90311
-15	True	141490	6	1	2	38	46	42	48	56	49	50	46	73	64	57	77	91	73	113	110	134	138	151	177	176	183	198	216	268	361	342	366	381	430	466	577	587	734	864	1008	1245	3867	2127	3832	7046	23758	90816
-14	True	141490	8	0	2	41	54	39	53	57	49	72	59	63	54	67	82	86	100	104	81	130	132	146	175	169	172	221	219	287	275	294	365	393	390	477	602	595	726	869	1056	1267	3336	2056	3542	6638	23998	91889
-13	True	141490	5	0	2	43	53	53	47	56	67	59	72	70	55	60	79	92	99	106	108	119	142	148	163	184	169	202	233	279	280	331	369	390	435	500	598	613	787	889	1119	1194	2661	2070	3483	6293	23883	92830
-12	True	141490	6	0	3	49	55	51	50	60	55	44	46	69	74	72	84	84	91	110	97	113	138	156	172	194	192	219	224	287	292	289	347	383	431	501	599	624	724	929	1019	1199	2125	1945	3295	5825	24331	93837
-11	True	141490	8	0	1	47	77	48	72	51	48	41	70	59	71	79	62	89	93	133	110	123	129	154	182	197	215	225	258	272	284	341	365	378	443	484	609	600	767	865	1083	1171	1572	1937	3172	5669	24439	94397
-10	True	141490	8	0	0	40	60	44	52	49	47	42	68	70	72	74	69	69	107	91	117	121	152	149	184	188	204	208	244	320	318	342	371	376	465	486	607	650	710	854	1025	1219	1559	1938	3190	5612	23875	95044
-9	True	141490	6	0	2	37	52	60	45	66	48	60	56	59	50	67	89	83	93	110	100	117	152	153	170	198	177	238	235	285	299	336	370	387	454	495	629	627	699	893	1044	1280	1556	1944	3190	5452	23050	95977
-8	True	141490	5	0	6	38	65	64	59	59	60	52	49	66	70	84	85	102	116	89	131	148	137	139	159	195	223	224	235	274	322	319	338	386	447	506	605	594	782	907	1072	1231	1655	2025	3138	5362	22203	96664
-7	True	141490	4	0	1	45	63	43	56	47	51	56	56	67	51	79	80	86	76	115	97	117	144	132	179	187	214	215	255	268	313	350	355	423	444	542	652	602	719	871	1012	1189	1632	1918	3117	5230	21667	97670
-6	True	141490	8	0	0	48	80	42	52	53	50	53	57	77	76	82	69	102	99	105	119	134	148	127	162	189	193	225	253	247	316	338	391	388	452	528	593	634	815	859	1048	1209	1486	2019	3267	5338	21119	97840
-5	True	141490	8	0	1	42	65	56	44	66	67	46	59	70	75	60	94	83	97	100	101	127	145	125	189	201	208	226	239	273	325	350	350	386	492	558	617	622	725	875	1081	1251	1608	1940	3253	5316	20489	98385
-4	True	141490	5	0	1	49	72	50	68	46	57	43	69	62	81	46	71	100	94	105	108	129	162	194	192	181	194	255	268	295	306	318	375	431	454	512	626	672	770	895	1043	1203	1582	2070	3236	5174	19622	99204
-3	True	141490	5	0	0	46	55	52	59	64	64	71	76	62	70	73	80	87	123	97	123	129	153	153	176	206	187	222	262	278	309	336	362	466	493	517	644	648	776	896	1152	1278	1606	1925	3175	5239	19548	99147
-2	True	141490	5	0	1	36	64	55	55	45	51	61	55	55	78	75	89	89	93	100	116	131	137	130	186	184	226	253	251	299	314	343	365	419	476	521	603	649	792	859	1051	1193	1672	2006	3137	5098	19813	99259
-1	True	141490	4	0	4	30	55	51	61	50	45	53	62	58	70	80	84	89	102	102	119	128	134	156	203	209	202	241	251	323	324	355	364	470	503	551	620	642	745	905	1066	1252	1620	1997	3098	5110	19890	99012
0	True	141490	10	0	0	36	58	57	44	54	63	61	74	83	91	87	92	84	96	123	127	141	164	151	195	178	221	228	233	292	331	386	396	400	479	548	593	712	751	936	1068	1218	1638	2030	3081	5254	19924	98702
1	True	141490	9	0	2	44	66	64	43	52	58	50	55	60	75	75	100	105	103	133	122	148	141	159	204	192	200	240	283	314	302	337	381	446	488	517	644	681	759	862	1043	1218	1625	2081	3220	5194	20107	98488
2	True	141490	5	0	3	36	64	43	43	55	57	64	80	75	81	74	94	118	109	118	126	140	161	172	160	203	208	239	284	303	328	341	374	422	458	573	582	632	770	915	1064	1328	1635	2118	3091	5250	20020	98474
3	True	141490	12	0	1	32	61	45	46	61	53	57	62	68	74	72	80	87	111	139	137	124	143	155	200	179	218	237	285	278	328	326	382	461	478	508	635	647	774	916	1112	1190	1657	2102	3117	5059	20042	98739
4	True	141490	12	0	5	46	61	63	40	49	65	51	76	54	77	91	87	83	99	110	104	128	151	175	209	194	184	225	271	328	324	357	396	412	480	536	653	696	719	934	1054	1260	1681	2053	3142	5282	20315	98158
5	True	141490	4	0	1	58	74	54	64	59	66	52	65	70	83	88	96	95	105	128	114	147	166	168	176	222	206	244	281	311	349	367	419	447	444	558	588	651	839	964	1097	1269	1638	2038	3233	5196	20413	97783
6	True	141490	7	0	2	57	57	67	61	61	77	67	70	65	77	86	92	102	97	117	125	152	174	163	209	204	205	238	254	302	330	389	362	375	481	566	643	620	752	922	1099	1278	1691	2079	3129	5372	20409	97805
7	True	141490	11	0	1	47	75	57	63	53	84	60	62	68	84	101	92	104	90	119	140	134	165	178	203	208	217	244	269	301	356	383	453	436	522	571	617	668	810	884	1098	1296	1713	2119	3182	5340	20490	97322
8	True	141490	8	0	3	47	73	72	56	63	59	72	69	69	90	93	77	104	98	124	119	131	194	170	180	195	196	218	270	280	339	350	376	451	509	574	620	677	721	916	1049	1353	1720	2018	3243	5329	20193	97922
9	True	141490	8	0	1	49	75	71	57	63	57	82	61	73	85	77	110	100	102	105	131	142	151	197	184	224	229	236	293	316	351	360	379	448	487	536	597	716	830	960	1120	1247	1658	2166	3053	5308	20592	97403
10	True	141490	7	0	3	48	82	53	58	56	59	57	73	78	70	93	108	102	108	119	127	134	164	180	186	217	243	236	275	315	345	372	440	445	492	519	649	666	785	985	1107	1308	1718	2155	3168	5374	20811	96900
11	True	141490	9	0	4	35	69	70	53	63	61	59	70	80	87	75	105	103	95	113	121	145	144	173	207	216	235	254	278	319	353	345	389	437	500	567	652	705	799	981	1156	1247	1674	2139	3211	5354	20732	97006
12	True	141490	8	0	2	44	74	62	57	61	52	55	70	65	77	106	108	114	118	137	122	135	130	199	203	233	190	271	268	296	361	372	390	476	492	540	597	677	825	946	1090	1290	1747	2115	3129	5444	21041	96701
13	True	141490	7	0	3	47	78	68	53	65	64	71	79	60	71	97	105	99	111	117	120	139	153	183	185	203	201	238	244	325	351	393	417	469	522	523	657	679	780	930	1061	1288	1714	2117	3111	5423	21137	96732
14	True	141490	11	0	2	55	92	58	66	65	67	56	72	74	96	100	91	106	136	122	131	159	155	172	208	208	219	232	283	305	336	351	437	447	509	547	596	673	816	879	1190	1323	1667	2067	3289	5488	21268	96266
15	True	141490	10	0	1	51	84	73	59	71	75	72	65	70	85	88	94	98	95	124	111	140	167	184	194	185	235	308	267	313	357	366	395	461	484	557	637	700	849	975	1157	1335	1742	2157	3200	5565	21380	95854
16	True	141490	6	0	3	70	76	66	59	52	69	65	62	66	68	98	86	132	107	121	129	111	151	171	211	238	225	252	288	327	349	364	451	460	458	579	613	731	775	977	1110	1398	1711	2203	3167	5484	21629	95722
17	True	141490	8	0	2	59	77	73	56	60	71	66	60	71	103	97	89	113	132	127	138	153	162	185	193	249	220	263	282	347	321	424	425	500	535	544	659	734	824	980	1184	1321	1709	2168	3304	5467	21603	95332
18	True	141490	10	0	1	49	81	71	74	63	73	81	70	80	83	78	115	88	107	139	139	126	180	179	193	203	213	275	308	340	372	382	438	513	491	549	633	672	853	936	1079	1311	1707	2240	3186	5421	22025	95263
19	True	141490	10	0	6	48	78	60	74	69	70	79	66	73	99	93	108	103	113	150	140	144	158	166	200	247	254	276	294	331	335	371	464	465	506	567	670	725	807	979	1113	1356	1808	2292	3175	5711	21747	94890
20	True	141490	7	0	4	45	83	65	67	65	69	63	77	82	93	66	104	119	105	124	120	186	179	166	200	250	268	260	285	331	374	333	440	460	524	566	631	725	848	957	1138	1321	1790	2281	3214	5542	22238	94625
21	True	140153	9	0	2	53	88	78	69	59	77	57	86	73	83	89	97	108	107	147	126	162	161	200	215	234	241	294	293	345	392	384	449	469	504	555	634	682	826	991	1097	1361	1687	2166	3167	5661	22100	93475
22	True	138894	11	0	5	58	77	75	70	70	52	65	60	100	75	108	85	110	117	122	122	148	161	171	187	218	250	268	301	330	327	363	421	508	524	566	666	699	777	1018	1129	1329	1719	2178	3092	5576	21682	92904
23	True	137669	7	0	0	39	68	63	62	64	72	63	80	77	87	93	96	111	118	140	150	146	143	186	206	211	220	234	255	301	391	382	422	425	517	595	554	678	721	965	1130	1267	1683	2173	3133	5452	21825	92064
24	True	136427	4	0	0	52	55	55	69	69	52	65	65	68	68	92	103	105	75	138	134	158	166	197	188	232	225	250	305	337	323	366	374	428	450	545	643	715	799	960	1060	1321	1761	2210	3051	5394	21677	91023
25	True	135164	7	0	4	54	92	67	66	55	57	78	83	66	75	81	102	111	103	120	125	146	169	192	208	181	250	261	266	332	329	382	412	455	487	574	609	693	796	932	1101	1295	1693	2202	3093	5448	21581	89731
26	True	133897	5	0	1	50	94	85	61	75	73	60	67	74	92	92	102	115	99	112	122	134	172	195	170	237	207	264	284	304	347	373	412	436	498	549	609	736	741	932	1063	1250	1700	2096	3147	5451	21518	88693
27	True	132675	8	0	1	49	66	77	74	71	62	76	75	67	88	105	104	110	113	124	148	162	175	174	196	226	241	289	284	320	329	359	402	437	462	544	677	664	833	919	1138	1294	1726	2149	3085	5552	20954	87666
28	True	131404	13	0	4	49	90	62	69	48	55	60	89	72	86	79	79	97	98	118	110	153	168	161	184	236	213	233	273	314	361	343	401	403	459	527	626	723	758	939	1078	1259	1657	2101	3019	5272	20711	87554
29	True	130118	5	0	2	45	79	73	56	70	60	73	77	59	79	91	113	99	107	120	123	121	169	158	207	223	216	261	278	294	351	354	410	455	509	566	623	649	785	855	1041	1292	1630	2118	2952	5271	20714	86285
30	True	128837	10	0	4	49	62	65	66	72	59	63	78	77	74	86	88	95	109	118	121	139	174	169	182	216	218	259	264	295	352	377	389	453	482	540	629	667	769	926	1097	1264	1777	2085	2902	5156	20652	85108
31	True	127509	9	0	2	45	66	61	81	75	63	57	71	65	72	70	91	104	105	112	111	127	152	154	185	216	225	247	271	303	311	357	404	420	469	532	655	649	668	832	1029	1171	1593	2104	2903	5310	20565	84397
32	True	126245	6	0	2	52	80	54	82	40	67	61	63	79	82	77	101	89	140	140	112	156	169	177	212	197	220	227	271	305	326	360	392	443	474	542	626	633	777	868	1023	1259	1563	2122	2910	5152	20325	83189
33	True	124928	9	0	2	65	77	82	67	75	71	66	68	78	66	98	92	105	116	124	122	123	145	153	161	211	224	243	282	300	341	339	385	420	444	502	562	657	753	882	991	1209	1543	1999	2860	5236	19882	82698
34	True	123692	9	0	2	54	75	69	47	65	60	67	65	65	84	84	100	104	103	112	131	142	138	184	179	208	210	253	242	281	316	339	390	429	473	518	586	670	730	813	1015	1180	1578	1965	2833	5125	19640	81959
35	True	122284	7	0	0	49	66	60	58	68	66	73	51	73	82	91	106	95	86	117	148	123	164	153	201	220	215	250	263	283	336	344	387	423	456	550	615	634	721	852	1026	1175	1556	2000	2814	5077	19746	80404
36	True	120992	5	0	1	57	63	62	55	63	53	80	69	59	65	80	92	83	105	126	120	135	153	178	167	232	197	258	230	298	316	367	329	377	457	485	630	612	710	816	943	1163	1533	1986	2722	4965	19607	79888
37	True	119662	6	0	3	52	69	60	60	50	51	83	68	76	96	109	86	104	115	113	117	135	167	164	169	201	182	227	263	301	333	355	355	449	453	532	560	656	743	848	994	1242	1644	1975	2801	4883	19085	78627
38	True	118351	7	0	3	34	82	65	60	65	56	66	61	91	73	88	109	106	109	110	124	134	158	176	164	184	178	220	260	300	307	317	373	405	439	484	537	604	677	817	984	1154	1487	1941	2686	4857	18987	78212
39	True	117137	9	0	4	44	72	61	62	59	65	64	62	74	62	89	105	97	112	118	94	126	141	163	189	187	219	221	249	294	325	326	363	388	471	504	571	644	704	812	1044	1167	1468	1868	2708	4842	18709	77181
40	True	115788	4	0	3	44	76	58	68	59	52	61	65	61	70	75	93	134	116	119	137	112	133	165	195	184	189	207	252	258	290	295	371	435	411	455	602	589	699	823	989	1158	1524	1956	2737	4887	18624	75953
41	True	114509	3	0	2	54	58	74	64	50	56	71	64	76	56	80	95	102	90	110	131	127	153	165	151	212	214	254	238	301	290	315	332	421	419	465	566	622	691	813	961	1185	1450	1948	2598	4802	18591	74989
42	True	113295	6	0	4	49	54	73	57	63	46	74	73	68	63	80	83	77	104	107	130	134	170	172	192	172	204	233	238	267	314	354	394	393	452	504	520	618	672	761	986	1123	1514	1874	2635	4656	18262	74270
43	True	112086	7	0	4	44	83	43	43	42	64	60	67	61	70	73	85	91	85	97	120	125	153	166	170	177	206	241	273	266	292	334	336	403	394	464	555	625	649	802	896	1094	1415	1834	2503	4787	17976	73811
44	True	110797	6	0	2	41	64	55	65	67	52	47	59	66	64	83	90	83	105	99	117	126	130	154	157	187	197	248	233	236	310	312	352	357	420	423	557	568	639	817	871	1116	1377	1804	2513	4647	18111	72770
45	True	109470	9	0	2	47	66	68	61	64	64	72	75	85	76	76	93	106	87	96	120	130	119	167	191	193	227	218	258	274	300	346	347	377	408	474	569	587	672	764	937	1101	1421	1840	2498	4486	17939	71360
46	True	108232	11	0	2	43	65	61	64	62	54	56	68	66	74	84	73	83	97	131	107	124	159	159	171	189	206	210	262	260	298	313	340	335	410	467	533	563	618	768	932	1086	1455	1772	2549	4529	17637	70686
47	True	106982	9	1	2	53	64	50	63	49	54	63	69	75	74	88	67	94	91	111	121	114	142	151	162	189	209	250	241	307	310	304	365	375	422	454	511	542	658	772	917	1144	1420	1734	2447	4562	17490	69592
48	True	105679	10	0	3	42	70	53	52	56	69	57	40	66	75	72	86	74	106	96	117	108	125	141	153	185	201	207	212	255	282	322	322	381	423	466	539	604	647	702	913	1064	1322	1708	2437	4412	17307	69097
49	True	104355	6	0	1	46	64	61	61	60	56	70	61	53	63	80	92	87	96	100	98	116	137	137	161	198	172	213	261	274	284	294	344	337	414	444	524	541	642	717	878	1073	1378	1727	2352	4333	17102	68147
50	True	103065	8	0	3	46	57	53	63	47	64	55	52	69	70	63	82	87	72	97	96	128	140	144	169	166	165	236	201	274	273	337	334	405	387	455	487	545	626	807	920	998	1428	1793	2385	4200	16992	66986
51	True	101815	10	0	4	41	62	62	48	62	50	53	54	65	62	69	77	60	99	103	115	103	140	137	141	181	174	181	213	236	290	304	310	342	375	465	493	539	637	726	916	1039	1349	1778	2323	4227	16762	66338
52	True	100488	7	0	3	57	63	49	64	66	55	73	54	49	70	75	77	105	92	107	95	130	143	162	177	186	178	214	235	232	297	296	316	353	409	452	490	482	590	751	877	1032	1374	1620	2283	4377	16190	65481
53	True	99222	3	0	3	53	56	63	52	46	58	52	68	45	62	62	82	86	94	109	113	110	161	156	160	171	190	210	235	253	288	285	308	337	390	403	478	548	597	695	837	945	1329	1653	2360	4229	16223	64564
54	True	97970	9	0	3	54	64	42	62	54	61	47	49	62	58	76	70	78	86	94	108	124	154	140	127	170	186	189	212	246	260	319	323	374	374	450	479	517	628	712	852	1054	1333	1628	2210	4217	15937	63678
55	True	96638	6	0	2	43	63	59	50	49	65	50	55	57	82	73	83	72	93	111	109	118	130	117	184	195	168	197	226	248	267	290	320	369	387	449	505	544	559	685	880	977	1294	1693	2161	4066	16085	62402
56	True	95361	7	0	3	41	56	47	56	49	50	58	54	56	76	71	78	74	96	81	108	110	122	151	136	171	197	190	222	236	265	267	342	382	353	422	438	503	527	742	792	930	1250	1634	2174	3994	15814	61936
57	True	94068	6	0	1	30	56	62	49	57	48	60	55	69	61	77	62	79	85	96	98	108	114	152	148	175	195	185	219	265	290	294	320	368	355	419	462	546	615	700	826	962	1246	1669	2160	3965	15745	60514
58	True	92773	3	0	2	46	46	46	63	55	49	53	54	51	55	65	78	80	85	94	107	121	121	136	147	175	186	195	198	233	254	292	292	342	342	415	443	493	566	647	809	977	1229	1595	2128	3830	15336	60239
59	True	91334	6	0	1	43	43	54	55	44	53	48	62	56	68	58	82	110	98	100	96	102	129	122	167	144	163	212	193	224	264	263	321	344	347	382	435	522	556	656	792	936	1235	1672	2065	3827	15463	58721
60	True	89943	1	0	0	49	66	62	53	64	57	61	57	55	56	75	66	88	66	104	111	107	139	133	147	174	175	202	224	235	263	292	305	324	355	436	421	488	588	627	782	975	1184	1499	2097	3911	14801	57968
61	True	88666	2	0	1	26	65	52	60	48	47	42	39	45	53	71	71	78	80	76	88	107	109	135	144	151	131	179	206	232	267	283	323	317	338	452	456	449	577	636	794	925	1167	1534	2123	3781	14844	57062
62	True	87344	7	0	1	32	50	47	60	52	50	47	65	52	64	75	71	62	93	103	90	116	115	136	139	180	188	167	205	223	258	270	259	297	317	417	404	484	527	625	756	921	1202	1490	1993	3658	14642	56334
63	True	86071	6	0	2	50	50	46	43	47	39	48	45	56	61	48	67	76	86	98	89	88	111	121	129	151	163	205	175	228	256	278	294	314	339	392	417	493	513	645	760	883	1205	1458	2073	3587	14582	55254
64	True	84716	2	0	1	40	54	40	41	50	45	49	62	55	51	61	71	88	99	89	79	91	122	149	147	163	173	191	177	231	249	237	301	326	347	402	409	514	520	639	705	867	1108	1487	1935	3617	14108	54524
65	True	83341	3	0	3	38	51	52	43	44	37	54	54	53	63	57	71	75	86	86	97	103	107	110	130	150	157	175	188	219	222	255	294	323	340	394	426	467	529	613	742	833	1106	1456	1983	3556	14255	53241
66	True	81994	6	0	2	34	41	47	44	47	52	45	50	48	55	95	77	69	96	92	78	96	116	133	144	160	144	170	195	227	209	262	270	304	357	392	440	423	521	632	736	830	1114	1446	1870	3524	13990	52311
67	True	80712	5	0	1	38	60	61	53	56	47	52	46	57	71	56	76	55	73	104	85	81	115	137	117	147	151	176	197	219	235	250	277	283	307	363	413	445	477	618	693	815	1108	1423	1886	3533	13730	51520
68	True	79353	5	0	2	31	50	43	61	42	43	39	48	52	54	65	83	58	81	84	102	104	119	104	121	135	160	164	184	192	216	249	273	280	339	374	364	435	476	593	707	827	1020	1353	1889	3431	13444	50857
69	True	78023	7	0	1	34	57	51	37	52	43	38	53	46	59	67	72	71	76	88	93	110	108	114	128	149	171	167	181	205	223	256	262	305	312	367	396	420	486	609	647	757	1060	1402	1820	3394	13339	49690
70	True	76582	6	0	3	31	40	54	45	40	49	41	48	44	43	49	63	53	68	90	91	110	108	128	122	160	143	176	187	186	218	254	247	271	327	313	393	440	449	592	663	843	1024	1339	1759	3386	13129	48757
71	True	75271	3	0	2	46	43	46	42	46	58	48	38	63	42	77	41	67	87	86	72	100	115	128	108	152	155	160	185	192	221	226	245	274	320	350	385	419	470	584	666	762	967	1325	1811	3315	12759	47970
72	True	74024	5	0	4	42	44	51	35	44	37	54	51	41	50	59	56	86	90	90	103	97	115	134	126	131	142	166	163	186	191	234	260	316	335	319	374	414	459	516	630	804	1015	1300	1700	3269	12621	47065
73	True	72704	3	0	1	32	41	49	44	50	41	48	51	38	58	56	57	66	66	88	85	102	111	116	127	128	152	154	201	198	211	235	247	273	314	336	351	413	454	572	641	795	940	1213	1695	3122	12498	46231
74	True	71472	3	0	0	39	54	50	44	35	53	52	52	44	52	55	70	54	65	75	75	94	108	102	134	118	123	176	159	187	193	236	270	260	287	333	363	415	447	534	629	741	972	1319	1672	3171	12398	45159
75	True	70291	11	0	2	38	55	36	53	44	50	40	39	49	42	45	78	50	80	70	83	93	107	108	127	125	137	159	186	158	189	229	234	236	298	347	370	425	425	547	609	757	945	1271	1653	3059	12298	44334
76	True	69049	8	0	2	41	41	40	42	42	36	46	43	51	54	64	68	59	89	62	91	92	109	95	137	128	154	140	158	209	205	229	249	271	264	305	348	440	454	573	615	704	991	1283	1672	3146	12047	43152
77	True	67841	3	0	2	18	50	41	40	42	38	44	42	47	53	57	66	75	74	64	81	62	99	106	114	134	158	138	148	188	172	205	236	250	288	325	331	384	433	487	654	734	925	1214	1546	2984	12017	42672
78	True	66552	7	0	2	34	39	46	42	36	51	49	49	48	39	47	59	52	67	81	68	102	99	112	114	130	123	153	166	158	206	217	233	277	296	327	354	399	431	501	576	726	898	1223	1608	2888	11636	41783
79	True	65274	4	0	0	39	48	48	33	36	31	37	48	49	38	47	55	59	57	65	78	66	100	96	111	128	138	130	162	167	185	186	234	269	278	296	351	380	438	486	614	717	897	1158	1542	2944	11552	40877
80	True	63983	7	1	1	33	54	47	50	33	45	57	37	40	56	61	64	66	68	74	74	104	94	88	103	126	156	122	176	155	175	221	230	254	229	277	300	353	370	510	584	687	930	1140	1486	2873	11246	40126
81	True	62678	8	0	3	25	33	28	46	38	44	30	39	48	59	46	49	65	46	85	71	86	77	110	108	128	114	143	147	188	200	186	207	243	258	278	321	388	408	460	588	664	872	1150	1473	2699	11252	39167
82	True	61425	4	0	2	31	38	29	34	39	36	24	41	46	54	53	40	65	63	84	70	85	102	104	107	109	118	158	150	155	177	204	201	245	266	256	329	422	400	478	552	679	869	1115	1529	2771	11023	38068
83	True	60141	8	0	2	35	50	42	34	34	30	40	41	49	48	44	51	48	53	64	71	90	80	90	121	105	118	118	139	152	184	177	217	211	239	259	321	339	373	460	540	668	848	1062	1458	2642	10747	37639
84	True	58975	8	0	1	30	48	36	30	35	35	43	37	37	45	61	53	54	64	62	73	71	75	82	97	136	123	144	161	152	191	194	212	206	218	284	323	366	375	491	523	634	840	1125	1391	2730	10792	36287
85	True	57691	3	0	1	19	40	40	37	22	33	36	44	32	41	61	46	51	54	70	69	86	83	90	89	108	106	113	140	175	179	183	206	239	248	247	311	348	323	470	547	602	819	1070	1364	2660	10356	35830
86	True	56424	2	0	2	23	36	35	34	32	34	29	37	45	46	36	40	56	53	74	62	69	74	100	125	95	102	120	138	151	162	156	208	209	255	257	318	349	368	412	499	607	825	1066	1353	2617	10242	34871
87	True	55160	3	0	1	17	36	28	34	35	32	43	42	36	43	41	42	64	74	63	74	84	84	81	94	115	115	125	133	147	168	176	221	205	227	253	282	326	344	430	503	597	758	968	1251	2525	10033	34207
88	True	53945	3	0	0	28	24	29	36	33	39	29	46	45	36	42	55	54	63	69	75	48	66	77	82	100	141	121	129	138	159	156	180	249	229	228	296	323	332	388	495	588	781	1047	1310	2476	9884	33216
89	True	52677	4	0	1	41	35	24	27	24	35	33	26	43	37	47	34	51	59	70	59	51	66	88	95	112	110	133	143	141	164	183	201	215	225	244	260	292	344	437	463	554	710	1070	1275	2447	9802	32202
90	True	51380	4	0	2	23	42	25	31	23	36	32	30	43	39	45	53	42	49	67	64	69	65	72	70	98	82	117	145	146	143	172	201	207	219	268	272	294	330	377	476	509	747	989	1197	2348	9567	31550
91	True	50114	1	0	4	24	41	36	36	32	32	40	29	39	32	41	57	40	57	72	70	68	82	86	90	112	102	112	120	148	143	165	170	188	209	224	266	301	296	388	455	548	737	896	1234	2353	9350	30588
92	True	48919	1	0	4	29	45	30	25	29	27	34	31	37	37	48	40	46	53	60	55	57	86	79	75	111	85	109	125	135	178	154	158	174	229	231	252	283	328	373	449	506	663	934	1192	2248	9181	29893
93	True	47654	0	0	1	27	32	36	35	33	36	33	34	34	44	40	52	37	62	55	73	71	67	81	82	103	93	112	124	138	131	152	190	157	187	265	230	282	301	343	463	522	656	913	1124	2284	9043	28876
94	True	46393	3	0	1	17	27	31	28	28	41	34	37	32	32	46	39	47	59	52	57	69	78	66	91	89	99	112	129	140	135	140	170	192	194	238	284	291	300	350	430	510	628	927	1085	2146	8895	27994
95	True	45099	2	0	2	20	27	34	45	33	24	34	29	31	40	41	43	60	53	63	59	66	63	82	74	86	93	102	124	129	146	126	147	173	193	202	252	274	307	343	458	504	620	834	1052	2161	8723	27125
96	True	43851	2	0	0	24	31	31	28	21	30	22	29	35	35	35	64	35	52	50	56	84	84	78	80	90	92	111	102	128	136	159	152	178	168	203	236	269	326	330	423	490	636	815	1052	2091	8521	26237
97	True	42576	2	0	1	32	29	30	20	24	37	36	35	29	32	37	39	37	41	49	57	55	58	68	78	91	92	107	112	108	135	147	159	164	174	222	245	269	296	342	382	464	641	782	1043	2051	8268	25456
98	True	41370	2	0	1	27	24	36	26	29	29	30	35	30	37	39	45	46	26	57	50	73	72	64	72	100	93	95	76	117	130	129	157	152	153	214	222	211	267	320	376	488	619	753	1068	1897	8038	24845
99	True	40070	1	0	1	30	32	27	26	25	36	29	32	26	34	30	36	40	52	57	59	66	56	60	82	71	92	97	84	113	130	138	150	169	184	196	231	257	283	333	345	483	582	755	1022	1862	7978	23678
100	True	38844	3	0	1	23	27	22	22	18	26	26	24	27	32	41	30	49	44	50	55	61	63	64	70	91	75	80	106	124	107	125	137	138	178	191	235	229	247	314	338	447	539	771	991	1798	7951	22854
101	True	37603	1	0	0	17	28	22	22	24	17	20	26	33	39	33	43	43	42	56	55	45	49	63	65	60	93	81	98	112	122	114	149	155	152	185	199	238	234	329	346	438	540	694	891	1831	7599	22200
102	True	36332	0	0	0	16	24	19	18	18	15	25	14	21	21	42	34	36	44	49	39	52	72	63	74	74	74	79	76	113	94	115	116	149	157	166	201	212	255	289	330	438	516	694	903	1772	7396	21417
103	True	35045	1	0	0	12	16	23	18	21	22	26	27	25	33	25	30	33	41	49	51	48	66	48	81	60	66	87	90	86	127	130	126	129	163	185	205	198	226	288	318	387	519	642	857	1695	7219	20546
104	True	33701	2	0	1	10	23	24	21	23	19	15	28	24	25	36	25	29	40	51	57	52	52	63	68	74	59	72	90	94	104	124	136	122	136	153	190	206	227	301	322	362	520	592	848	1636	7044	19601
105	True	32466	1	0	0	20	27	20	29	17	14	18	17	26	30	37	42	34	32	36	51	36	41	46	59	71	71	75	88	97	110	92	141	145	161	160	206	219	206	258	287	428	454	604	828	1608	6752	18772
106	True	31251	2	0	1	15	28	18	16	17	23	21	38	19	19	34	41	36	44	45	50	43	45	54	57	63	50	92	83	91	102	81	112	123	123	150	176	200	197	266	251	385	485	620	789	1489	6483	18174
107	True	29962	4	0	1	18	34	23	21	27	18	30	29	32	21	19	38	31	34	40	38	47	44	49	70	74	70	72	88	83	89	93	108	149	124	131	160	193	210	249	283	369	439	613	778	1459	6351	17109
108	True	28765	0	0	0	13	25	18	17	18	14	23	22	23	25	28	21	32	40	37	48	38	51	57	52	55	91	55	82	94	88	109	116	100	130	161	166	179	169	197	234	352	440	574	787	1304	6194	16486
109	True	27523	2	0	1	14	21	18	18	16	16	21	22	21	20	29	26	22	43	22	40	39	36	39	57	45	60	59	76	72	73	113	104	106	124	133	170	173	172	216	277	322	427	537	725	1373	6022	15601
110	True	26336	1	0	1	15	21	19	21	27	17	25	26	20	25	16	26	24	28	38	31	28	58	48	49	47	51	55	64	80	88	85	107	111	115	130	139	162	196	213	239	319	402	528	656	1302	5798	14885
111	True	25047	0	0	1	14	22	16	12	25	20	17	20	20	22	24	30	14	30	36	30	42	42	43	46	66	47	54	71	77	81	76	79	95	103	101	143	173	158	227	233	287	380	471	667	1253	5610	14069
112	True	23782	1	0	1	12	26	19	25	15	13	17	21	23	28	21	29	35	26	37	21	30	41	45	48	57	55	52	60	73	51	96	76	88	106	122	129	172	167	201	220	277	362	486	618	1204	5278	13298
113	True	22500	0	0	0	9	20	19	9	13	10	20	15	19	17	25	23	17	24	29	31	34	43	27	47	41	49	55	52	82	65	85	116	96	99	102	119	146	162	175	225	283	372	439	612	1146	5124	12404
114	True	21249	0	0	4	12	14	17	12	12	20	17	12	11	29	16	24	19	23	40	20	32	40	25	36	55	45	57	52	67	55	68	82	97	97	103	123	140	138	172	171	245	305	396	555	1119	4949	11723
115	True	20006	0	0	1	7	7	16	22	13	19	16	18	12	14	18	25	19	16	24	28	26	43	29	28	45	52	66	47	55	52	71	75	76	89	95	98	135	133	153	206	260	296	377	530	1012	4634	11048
116	True	18737	0	0	0	6	19	15	11	18	16	16	9	11	16	13	19	22	21	15	24	32	38	35	44	39	35	47	43	60	42	65	83	67	77	98	106	127	137	174	153	229	274	347	522	994	4337	10281
117	True	17491	0	0	0	10	10	13	11	5	13	10	15	14	17	9	19	28	20	25	12	24	26	34	32	37	36	36	53	40	52	59	70	67	66	96	103	100	101	137	178	201	280	342	505	878	4152	9555
118	True	16230	0	0	0	5	9	11	10	8	9	12	8	13	18	16	21	15	22	16	19	20	24	31	41	31	48	42	49	37	49	68	59	62	84	74	87	107	107	145	153	196	250	307	460	876	3874	8737
119	True	14989	0	0	0	7	8	13	12	5	8	9	16	9	13	13	12	17	16	21	19	23	33	24	30	38	41	36	35	51	44	51	58	64	72	65	85	74	116	137	131	173	233	326	395	772	3747	7937
120	True	13759	2	0	1	5	11	14	17	5	12	12	13	9	13	12	11	11	14	21	10	32	26	22	28	24	29	29	39	36	48	39	62	48	76	57	77	84	91	119	113	167	207	285	369	822	3441	7196
121	True	12505	1	0	1	3	9	9	7	3	6	5	9	11	12	15	14	13	15	16	15	15	18	19	22	28	39	24	30	34	33	38	65	58	51	50	74	85	107	97	115	165	198	239	329	652	3200	6556
122	True	11274	1	0	0	7	5	8	10	10	11	7	3	17	11	10	10	14	7	19	14	16	12	16	22	34	25	28	25	38	43	41	43	29	47	51	62	70	88	87	91	148	183	238	314	603	2893	5863
123	True	9997	0	0	0	9	9	6	8	8	7	6	7	10	9	6	10	10	12	12	12	18	14	16	23	14	25	26	32	36	40	24	43	38	52	62	54	62	66	77	101	124	149	205	270	551	2635	5099
124	True	8772	1	0	1	7	5	5	5	9	7	7	5	3	6	10	15	9	14	8	17	12	21	16	17	17	18	20	27	46	22	30	40	33	31	47	52	50	55	70	79	121	130	183	264	489	2337	4411
125	True	7541	1	0	2	7	7	4	13	7	6	3	5	2	6	5	9	8	10	13	14	15	10	8	18	20	19	21	22	18	19	27	26	29	36	30	50	48	53	65	68	93	134	156	225	431	2145	3633
126	True	6320	0	0	0	1	6	10	3	7	3	3	5	3	7	8	6	8	12	12	13	7	11	10	10	8	11	14	18	19	15	23	23	31	24	27	36	35	43	37	63	74	102	139	187	382	1779	3085
127	True	5092	1	0	0	6	3	2	1	1	3	2	3	4	2	5	2	7	9	8	6	8	15	14	7	16	14	10	16	16	18	19	22	17	16	18	32	36	35	33	47	59	72	117	151	288	1512	2419
128	True	3869	0	0	0	3	1	0	5	4	5	0	6	3	4	2	3	6	8	6	4	6	10	8	13	9	8	8	9	15	8	12	10	13	19	21	22	31	25	37	36	44	50	89	106	238	1133	1829
129	True	2595	0	0	0	0	1	1	3	2	4	1	1	3	2	2	4	1	3	3	0	2	4	4	2	9	5	5	12	10	5	9	13	14	12	17	14	14	27	28	32	36	48	60	65	185	750	1182
130	True	1311	1	0	0	1	0	1	3	3	1	0	1	3	2	2	1	1	1	3	2	3	2	3	2	4	5	1	2	2	4	3	7	2	8	6	6	5	11	13	11	18	20	35	42	87	395	588
131	True	52	0	0	0	0	0	0	0	0	1	0	0	0	0	0	0	1	0	0	0	1	0	1	1	0	0	0	0	0	0	0	0	1	0	0	0	0	1	1	1	1	1	2	2	6	9	22
132	True	34	0	0	0	0	0	0	0	0	0	0	0	0	0	0	0	0	0	0	0	0	0	0	0	0	0	0	0	0	0	0	1	0	0	0	1	1	1	0	1	0	1	1	2	4	5	16
133	True	29	0	0	0	0	0	0	0	0	0	0	0	0	0	0	0	0	0	0	0	0	0	0	0	0	0	0	0	0	0	0	0	0	0	0	1	0	0	1	0	1	0	1	4	3	3	15
134	True	25	0	0	0	0	0	0	0	0	0	0	0	0	0	0	0	0	0	0	0	0	0	0	0	0	0	0	0	0	0	1	2	0	0	0	0	2	0	0	0	0	0	1	2	2	4	11
135	True	20	0	0	0	0	0	0	0	0	0	0	0	0	0	0	0	0	0	0	0	0	0	0	0	0	0	0	0	0	1	0	0	0	2	0	0	0	0	0	0	0	0	1	0	2	6	8
136	True	17	0	0	0	0	0	0	0	0	0	0	0	0	0	0	0	0	1	1	0	0	0	0	0	0	0	0	0	0	0	0	0	0	1	0	1	0	0	0	1	0	0	0	4	1	2	5
137	True	14	0	0	0	0	0	1	0	0	0	0	0	0	0	0	0	0	0	0	0	0	0	0	0	0	0	0	0	0	0	0	0	0	0	0	0	0	0	1	0	0	0	2	0	1	6	3
138	True	9	0	0	0	0	0	0	0	0	0	0	0	0	0	0	0	0	0	0	0	0	0	0	0	0	0	0	0	0	0	0	0	0	0	0	0	0	0	0	0	1	0	0	1	0	2	5
139	True	7	0	0	0	0	0	0	0	0	0	0	0	0	0	0	0	0	0	0	0	0	0	0	0	0	0	0	0	0	0	0	0	0	0	0	0	0	0	0	1	0	0	0	0	0	2	4
140	True	6	0	0	0	0	0	0	0	1	0	0	0	0	0	1	0	0	0	0	0	0	0	0	0	0	0	0	0	0	0	0	0	0	0	0	0	0	0	0	0	0	0	0	0	0	2	2
141	True	6	0	0	0	0	0	0	0	0	0	0	0	0	0	0	0	0	0	0	0	0	0	0	0	0	0	0	0	0	0	0	0	0	0	0	0	0	0	0	0	0	0	1	0	0	1	4
142	True	4	0	0	0	0	0	0	0	0	0	0	0	0	0	0	0	0	0	0	0	0	0	0	0	0	0	0	0	0	0	0	0	0	0	0	0	0	0	0	0	0	0	1	0	0	1	2
143	True	3	0	0	0	0	0	0	0	0	0	0	0	0	0	0	0	0	0	0	0	0	0	0	0	0	0	0	0	0	0	1	0	0	0	0	0	0	0	0	0	0	0	0	0	0	2	0
144	True	2	0	0	0	0	0	0	0	0	0	0	0	0	0	0	0	0	0	0	0	0	1	0	0	0	0	0	0	0	0	0	0	0	0	0	0	0	0	0	0	0	0	0	0	1	0	0
145	True	1	0	0	0	0	0	0	0	0	0	0	0	0	0	0	0	0	0	1	0	0	0	0	0	0	0	0	0	0	0	0	0	0	0	0	0	0	0	0	0	0	0	0	0	0	0	0
146	True	1	0	0	0	0	0	0	0	0	0	0	1	0	0	0	0	0	0	0	0	0	0	0	0	0	0	0	0	0	0	0	0	0	0	0	0	0	0	0	0	0	0	0	0	0	0	0
147	True	1	0	0	0	0	0	0	0	0	0	0	0	0	0	0	0	0	0	0	0	0	0	0	0	0	0	0	0	0	0	0	0	0	0	0	0	0	0	0	1	0	0	0	0	0	0	0
148	True	1	0	0	0	0	0	0	0	0	0	0	0	0	0	0	0	0	0	0	0	0	0	0	0	0	0	0	0	0	0	0	0	1	0	0	0	0	0	0	0	0	0	0	0	0	0	0
149	True	1	0	0	0	0	0	0	0	0	0	0	0	0	0	0	0	0	0	0	0	0	1	0	0	0	0	0	0	0	0	0	0	0	0	0	0	0	0	0	0	0	0	0	0	0	0	0
150	True	1	0	0	0	0	0	0	0	0	0	0	0	0	0	0	0	0	0	0	0	0	1	0	0	0	0	0	0	0	0	0	0	0	0	0	0	0	0	0	0	0	0	0	0	0	0	0
151	True	1	0	0	0	0	0	0	0	0	0	0	0	0	0	0	0	0	0	0	0	0	0	0	0	0	0	0	1	0	0	0	0	0	0	0	0	0	0	0	0	0	0	0	0	0	0	0
152	True	1	0	0	0	0	0	0	0	0	0	0	0	0	0	0	0	0	0	0	0	0	0	0	0	0	0	0	0	0	0	0	0	0	1	0	0	0	0	0	0	0	0	0	0	0	0	0
153	True	1	0	0	0	0	0	0	0	0	0	0	0	0	0	0	0	0	0	0	0	1	0	0	0	0	0	0	0	0	0	0	0	0	0	0	0	0	0	0	0	0	0	0	0	0	0	0
