Distance,Dups,ComplementaryDups,NoncomplementaryDups
1,203,0,203
2,219,0,219
3,2445,0,2445
4,7809,0,7809
5,4302,0,4302
6,1423,0,1423
7,730,0,730
8,339,0,339
9,149,0,149
10,66,0,66
11,21,0,21
12,19,0,19
13,11,0,11
14,4,0,4
15,3,0,3
16,4,0,4
17,6,0,6
18,3,0,3
19,2,0,2
20,2,0,2
21,3,0,3
22,3,0,3
23,2,0,2
24,1,0,1
25,4,0,4
26,1,0,1
27,2,0,2
28,3,0,3
29,3,0,3
30,2,0,2
31,4,0,4
32,3,0,3
33,6,0,6
34,2,0,2
35,1,0,1
36,2,0,2
37,5,0,5
38,1,0,1
39,1,0,1
40,3,1,2
41,4,0,4
42,3,0,3
43,5,0,5
44,4,0,4
45,5,0,5
46,3,0,3
47,6,0,6
48,2,0,2
49,6,0,6
50,3,0,3
51,4,0,4
52,2,0,2
53,2,0,2
54,4,0,4
55,3,0,3
56,5,0,5
58,4,0,4
59,3,0,3
60,6,0,6
61,4,0,4
62,6,0,6
63,2,0,2
64,5,0,5
65,2,0,2
66,4,0,4
67,3,0,3
68,4,0,4
69,2,0,2
70,3,0,3
71,2,0,2
72,2,0,2
73,2,0,2
74,2,0,2
75,3,0,3
76,1,0,1
77,2,0,2
78,1,0,1
79,6,0,6
80,4,0,4
81,4,0,4
82,4,0,4
83,4,0,4
84,3,0,3
85,1,0,1
86,4,0,4
87,5,0,5
88,2,0,2
89,3,0,3
90,4,0,4
91,2,0,2
92,2,0,2
93,1,0,1
94,2,0,2
95,4,0,4
96,4,0,4
97,3,0,3
98,4,0,4
99,2,0,2
100,6,0,6
101,1,0,1
102,3,0,3
104,1,0,1
105,1,0,1
106,5,0,5
107,3,0,3
108,4,0,4
109,2,0,2
110,3,0,3
111,1,0,1
112,2,0,2
113,1,0,1
114,2,0,2
115,2,0,2
116,2,0,2
117,2,0,2
118,2,0,2
119,2,0,2
120,1,0,1
121,1,0,1
122,1,0,1
123,2,0,2
124,4,0,4
125,4,0,4
126,5,0,5
127,2,0,2
128,1,0,1
129,1,0,1
130,2,0,2
132,4,0,4
133,4,0,4
134,1,0,1
135,1,0,1
136,1,0,1
138,2,0,2
139,2,0,2
140,2,0,2
141,3,0,3
142,2,0,2
144,1,0,1
145,3,0,3
148,1,0,1
149,1,0,1
150,2,0,2
151,1,0,1
152,1,0,1
153,3,0,3
154,1,0,1
156,1,0,1
157,2,0,2
158,4,0,4
159,1,0,1
160,1,0,1
161,4,0,4
162,1,0,1
163,2,0,2
164,3,0,3
165,2,0,2
166,1,0,1
167,1,0,1
168,1,0,1
169,2,0,2
171,2,0,2
172,1,0,1
173,1,0,1
175,1,0,1
176,1,0,1
177,2,0,2
178,4,0,4
179,2,0,2
181,4,0,4
183,2,0,2
184,2,0,2
185,1,0,1
186,1,0,1
188,2,0,2
193,2,0,2
196,2,0,2
197,1,0,1
198,4,0,4
199,1,0,1
200,4,0,4
202,2,0,2
203,1,0,1
204,1,0,1
205,1,0,1
206,3,0,3
207,1,0,1
209,1,0,1
213,1,0,1
214,2,0,2
215,1,0,1
216,1,0,1
218,4,1,3
220,2,1,1
222,2,0,2
224,1,0,1
225,1,0,1
226,3,0,3
228,3,0,3
229,3,0,3
231,1,0,1
232,1,0,1
233,1,0,1
234,1,0,1
235,1,0,1
236,1,0,1
239,2,0,2
240,1,0,1
242,1,0,1
243,1,0,1
245,2,0,2
246,2,0,2
247,1,0,1
248,2,0,2
249,1,0,1
250,1,0,1
252,1,0,1
253,2,0,2
254,3,0,3
256,1,0,1
259,1,0,1
260,1,0,1
261,2,0,2
263,2,0,2
264,2,0,2
265,1,0,1
268,3,0,3
269,1,0,1
270,1,0,1
271,1,0,1
273,1,1,0
274,2,1,1
276,2,0,2
279,2,1,1
283,1,0,1
284,1,0,1
285,1,0,1
287,1,0,1
288,1,0,1
295,1,1,0
296,1,0,1
301,1,0,1
306,1,1,0
307,1,0,1
309,1,0,1
310,1,0,1
316,1,0,1
318,1,0,1
322,3,0,3
325,2,0,2
330,1,0,1
331,1,0,1
333,1,0,1
335,2,0,2
339,2,0,2
340,1,0,1
345,2,0,2
350,1,0,1
353,1,0,1
354,1,0,1
355,1,0,1
359,1,0,1
361,1,0,1
365,2,1,1
366,2,0,2
367,1,0,1
368,2,0,2
370,1,0,1
371,1,1,0
373,1,0,1
375,1,0,1
377,2,0,2
380,1,0,1
381,1,0,1
384,1,0,1
385,1,0,1
386,1,0,1
389,1,0,1
393,1,0,1
398,1,0,1
399,1,0,1
403,1,1,0
404,1,0,1
405,1,0,1
406,1,0,1
413,1,0,1
417,2,1,1
423,1,0,1
429,1,0,1
430,1,0,1
435,1,0,1
445,1,1,0
467,1,0,1
475,1,0,1
479,1,1,0
490,2,0,2
491,1,1,0
494,1,0,1
497,1,0,1
499,1,0,1
500,1,0,1
501,1,0,1
504,1,0,1
507,2,1,1
508,1,0,1
510,1,1,0
516,1,0,1
522,1,0,1
524,1,0,1
525,1,0,1
526,1,1,0
528,1,0,1
536,1,1,0
541,1,0,1
553,1,1,0
556,1,1,0
558,1,1,0
559,1,0,1
567,1,1,0
573,1,0,1
577,1,0,1
580,1,0,1
594,1,1,0
610,1,0,1
615,1,0,1
617,2,1,1
619,1,0,1
621,1,1,0
625,1,1,0
627,1,0,1
644,1,0,1
650,1,0,1
653,1,1,0
654,1,0,1
658,1,1,0
659,1,0,1
663,1,0,1
678,1,1,0
687,2,1,1
702,1,1,0
706,1,1,0
708,1,1,0
713,1,0,1
719,1,0,1
724,1,0,1
726,1,0,1
727,2,0,2
728,2,2,0
732,1,1,0
734,1,0,1
736,1,1,0
752,1,1,0
753,1,1,0
756,1,1,0
758,1,1,0
773,1,0,1
780,1,1,0
785,1,1,0
789,1,0,1
796,1,1,0
801,1,1,0
802,1,1,0
804,1,0,1
805,1,0,1
808,1,1,0
822,1,1,0
823,1,0,1
832,1,0,1
835,1,1,0
840,1,1,0
842,1,1,0
845,1,1,0
848,1,0,1
850,1,1,0
864,1,1,0
871,2,2,0
878,1,1,0
884,1,1,0
898,1,1,0
913,1,1,0
921,1,0,1
922,1,0,1
928,1,0,1
934,1,1,0
936,1,0,1
938,2,1,1
943,1,1,0
945,1,1,0
950,1,1,0
952,1,0,1
958,1,1,0
960,1,1,0
961,1,1,0
966,1,1,0
969,1,1,0
971,2,2,0
975,1,1,0
985,1,1,0
986,1,0,1
987,1,1,0
995,1,1,0
998,1,0,1
999,1,1,0
1003,1,1,0
1006,1,1,0
1010,1,1,0
1011,1,0,1
1036,1,1,0
1042,1,1,0
1059,1,1,0
1070,1,1,0
1072,1,1,0
1073,1,1,0
1080,1,1,0
1082,1,0,1
1087,1,1,0
1095,1,1,0
1096,1,1,0
1103,1,1,0
1110,3,3,0
1114,1,1,0
1115,1,1,0
1118,1,1,0
1119,2,1,1
1124,1,1,0
1126,1,1,0
1128,1,1,0
1134,1,1,0
1136,1,1,0
1137,1,1,0
1141,1,1,0
1145,1,1,0
1157,1,0,1
1161,1,0,1
1167,1,1,0
1173,1,1,0
1179,1,1,0
1187,1,1,0
1190,1,1,0
1191,1,1,0
1197,1,1,0
1200,1,1,0
1202,1,1,0
1207,1,1,0
1216,1,1,0
1218,1,1,0
1237,1,1,0
1241,1,1,0
1244,1,1,0
1245,1,1,0
1246,1,1,0
1252,2,2,0
1256,1,1,0
1257,1,1,0
1259,2,2,0
1264,1,1,0
1265,1,1,0
1275,1,1,0
1285,1,1,0
1286,1,1,0
1293,1,1,0
1294,1,1,0
1297,1,1,0
1317,1,1,0
1318,1,0,1
1326,1,1,0
1327,1,1,0
1328,1,1,0
1329,1,0,1
1348,2,2,0
1349,1,1,0
1351,1,1,0
1361,1,1,0
1365,1,1,0
1369,3,3,0
1395,1,1,0
1414,2,2,0
1423,1,1,0
1439,1,1,0
1442,1,1,0
1443,1,1,0
1448,1,1,0
1452,2,2,0
1456,1,1,0
1467,1,1,0
1469,1,1,0
1470,1,1,0
1473,1,1,0
1475,1,1,0
1477,1,1,0
1481,1,1,0
1486,1,1,0
1498,1,1,0
1500,1,1,0
1509,2,2,0
1512,2,2,0
1515,1,0,1
1519,1,1,0
1528,1,1,0
1540,1,1,0
1543,1,1,0
1545,2,2,0
1547,1,1,0
1548,1,1,0
1549,1,1,0
1550,1,1,0
1553,1,1,0
1556,1,1,0
1564,1,1,0
1572,1,1,0
1573,1,1,0
1575,1,1,0
1584,2,2,0
1586,1,0,1
1589,1,1,0
1597,1,0,1
1599,1,1,0
1600,1,1,0
1603,1,1,0
1604,1,1,0
1608,1,1,0
1610,1,1,0
1611,1,1,0
1618,1,1,0
1628,1,1,0
1642,1,1,0
1646,1,1,0
1648,1,1,0
1654,1,1,0
1658,1,1,0
1660,1,1,0
1663,1,1,0
1669,1,1,0
1670,1,1,0
1672,2,2,0
1673,1,1,0
1676,1,1,0
1677,2,2,0
1678,1,1,0
1682,1,0,1
1690,1,1,0
1691,1,1,0
1695,1,1,0
1709,1,1,0
1716,1,1,0
1718,1,1,0
1719,1,1,0
1724,1,1,0
1727,1,1,0
1728,2,2,0
1729,1,1,0
1760,1,1,0
1761,1,1,0
1763,1,1,0
1771,1,1,0
1772,2,2,0
1774,2,2,0
1783,1,1,0
1786,2,2,0
1798,1,1,0
1805,1,1,0
1813,1,1,0
1818,1,1,0
1823,1,1,0
1825,1,1,0
1828,1,1,0
1832,1,1,0
1833,1,1,0
1835,1,1,0
1839,1,1,0
1845,1,1,0
1848,2,2,0
1854,1,1,0
1859,2,2,0
1861,1,1,0
1869,1,1,0
1870,1,1,0
1876,2,2,0
1877,2,2,0
1882,2,2,0
1883,2,2,0
1885,1,1,0
1889,1,1,0
1910,1,1,0
1916,1,1,0
1919,1,1,0
1921,1,1,0
1922,2,2,0
1925,1,1,0
1926,1,1,0
1928,1,1,0
1933,1,1,0
1941,1,1,0
1944,1,1,0
1947,1,1,0
1954,1,1,0
1958,1,1,0
1959,1,1,0
1961,1,1,0
1968,1,1,0
1971,1,1,0
1972,1,1,0
1978,1,1,0
1982,1,1,0
1983,1,1,0
1985,2,2,0
1986,1,1,0
1987,3,3,0
1994,1,1,0
1998,1,1,0
2002,1,1,0
2007,1,1,0
2021,1,1,0
2031,1,1,0
2051,1,1,0
2061,1,1,0
2067,1,1,0
2068,1,1,0
2069,1,1,0
2070,1,1,0
2076,2,2,0
2077,2,2,0
2083,1,1,0
2088,1,1,0
2092,1,1,0
2102,1,1,0
2113,1,1,0
2127,2,2,0
2132,1,1,0
2134,1,1,0
2139,1,1,0
2141,1,1,0
2142,1,1,0
2146,1,1,0
2156,1,1,0
2157,1,1,0
2168,1,1,0
2169,1,1,0
2173,1,1,0
2186,1,1,0
2190,1,1,0
2194,1,1,0
2195,2,2,0
2196,1,1,0
2205,1,1,0
2207,1,1,0
2210,1,1,0
2219,2,2,0
2221,1,1,0
2235,1,1,0
2243,2,2,0
2261,1,1,0
2266,1,1,0
2268,1,1,0
2272,3,3,0
2274,1,1,0
2285,1,1,0
2302,1,1,0
2312,1,1,0
2314,1,1,0
2329,1,1,0
2331,1,1,0
2345,2,2,0
2351,1,1,0
2364,1,1,0
2370,2,2,0
2377,1,1,0
2379,2,2,0
2384,1,1,0
2389,1,1,0
2395,1,1,0
2397,1,1,0
2404,2,2,0
2405,1,1,0
2406,1,1,0
2412,1,1,0
2413,1,1,0
2416,2,2,0
2421,1,1,0
2427,1,1,0
2429,1,1,0
2432,1,1,0
2436,1,1,0
2437,1,1,0
2452,1,1,0
2454,1,1,0
2458,1,1,0
2473,1,1,0
2475,1,1,0
2476,1,1,0
2478,1,1,0
2485,1,1,0
2489,1,1,0
2494,1,1,0
2498,1,1,0
2505,1,1,0
2509,1,1,0
2512,1,0,1
2513,2,2,0
2515,1,1,0
2521,1,1,0
2523,1,1,0
2530,1,1,0
2533,3,3,0
2536,1,1,0
2537,1,1,0
2541,1,1,0
2544,2,2,0
2545,1,1,0
2548,1,1,0
2554,1,1,0
2556,2,2,0
2558,2,2,0
2560,1,1,0
2573,1,1,0
2582,1,1,0
2587,1,1,0
2593,1,1,0
2598,1,1,0
2599,1,1,0
2622,1,1,0
2623,1,1,0
2635,1,1,0
2638,2,2,0
2641,1,1,0
2651,1,1,0
2656,1,1,0
2661,1,1,0
2662,2,2,0
2668,1,1,0
2672,1,1,0
2675,1,1,0
2676,1,1,0
2681,1,1,0
2692,1,1,0
2693,1,1,0
2695,1,1,0
2697,1,1,0
2699,1,1,0
2703,1,1,0
2704,1,1,0
2705,1,1,0
2706,1,1,0
2714,1,1,0
2724,2,2,0
2732,1,1,0
2734,1,1,0
2744,2,2,0
2751,2,2,0
2754,1,1,0
2765,1,1,0
2783,1,1,0
2795,1,1,0
2797,1,1,0
2800,1,1,0
2808,1,1,0
2810,1,1,0
2811,1,1,0
2812,2,2,0
2814,1,1,0
2825,1,1,0
2830,2,2,0
2835,1,1,0
2843,1,1,0
2853,1,1,0
2855,2,2,0
2862,1,1,0
2864,1,1,0
2884,1,1,0
2887,1,1,0
2890,1,1,0
2891,1,1,0
2892,2,2,0
2893,1,1,0
2899,1,1,0
2917,1,1,0
2918,1,1,0
2919,1,1,0
2921,1,1,0
2931,2,2,0
2933,1,1,0
2938,1,1,0
2941,1,1,0
2942,1,1,0
2944,1,1,0
2945,1,1,0
2949,1,1,0
2953,1,1,0
2955,1,1,0
2956,1,1,0
2961,1,1,0
2968,1,1,0
2972,1,1,0
2980,1,1,0
2982,2,2,0
2997,1,1,0
2999,1,1,0
3000,1,1,0
3011,1,1,0
3013,1,1,0
3022,1,1,0
3025,1,1,0
3032,1,1,0
3040,2,2,0
3048,1,1,0
3055,1,1,0
3060,1,1,0
3064,1,1,0
3076,1,1,0
3079,1,1,0
3080,1,1,0
3082,1,1,0
3083,1,1,0
3087,1,1,0
3094,1,1,0
3095,1,1,0
3096,1,1,0
3100,1,1,0
3105,1,1,0
3113,1,1,0
3114,2,2,0
3121,1,1,0
3126,1,1,0
3130,1,1,0
3134,1,1,0
3145,1,1,0
3150,1,1,0
3157,1,1,0
3162,1,1,0
3170,1,1,0
3171,1,1,0
3175,1,1,0
3178,1,1,0
3180,1,1,0
3197,1,1,0
3209,1,1,0
3211,1,1,0
3212,1,1,0
3218,1,1,0
3238,1,1,0
3239,1,1,0
3255,1,1,0
3256,1,1,0
3263,1,1,0
3275,1,1,0
3281,1,1,0
3287,2,2,0
3296,1,1,0
3302,1,1,0
3310,1,1,0
3311,1,1,0
3348,1,1,0
3360,1,1,0
3384,1,1,0
3390,1,1,0
3397,1,1,0
3404,1,1,0
3408,1,1,0
3414,1,1,0
3440,1,1,0
3442,1,1,0
3445,1,1,0
3458,1,1,0
3463,1,1,0
3471,1,1,0
3475,1,1,0
3482,1,1,0
3483,1,1,0
3488,1,1,0
3491,1,1,0
3495,1,1,0
3500,1,1,0
3501,1,1,0
3506,1,1,0
3516,1,1,0
3530,1,1,0
3531,2,2,0
3541,2,2,0
3542,1,1,0
3544,1,1,0
3545,1,1,0
3561,1,1,0
3563,1,1,0
3569,1,0,1
3575,1,1,0
3595,1,1,0
3597,1,1,0
3600,1,1,0
3606,1,1,0
3612,1,1,0
3613,1,1,0
3616,1,1,0
3629,1,1,0
3631,1,1,0
3644,1,1,0
3649,1,1,0
3696,1,1,0
3697,1,1,0
3712,1,1,0
3713,1,1,0
3723,1,1,0
3725,1,1,0
3734,1,1,0
3752,1,1,0
3761,1,1,0
3764,1,1,0
3771,1,1,0
3776,1,1,0
3786,1,1,0
3797,1,1,0
3798,1,1,0
3822,1,1,0
3824,1,1,0
3826,1,1,0
3843,1,1,0
3860,1,1,0
3878,1,1,0
3892,1,1,0
3896,1,1,0
3904,1,1,0
3907,1,1,0
3927,1,1,0
3947,1,1,0
3950,1,1,0
3973,1,1,0
4030,1,1,0
4036,1,1,0
4037,2,2,0
4050,1,1,0
4067,1,1,0
4072,1,1,0
4074,1,1,0
4091,1,1,0
4118,1,1,0
4122,1,1,0
4129,1,1,0
4131,1,1,0
4133,1,1,0
4138,1,1,0
4146,1,1,0
4149,1,1,0
4152,1,1,0
4157,1,1,0
4174,1,1,0
4179,1,1,0
4181,1,1,0
4193,1,1,0
4196,1,1,0
4231,1,1,0
4235,1,1,0
4241,2,2,0
4244,1,1,0
4267,1,1,0
4282,1,1,0
4298,1,1,0
4308,1,1,0
4311,1,1,0
4317,1,1,0
4332,1,1,0
4333,1,1,0
4379,1,1,0
4391,1,1,0
4464,1,1,0
4478,1,1,0
4483,1,0,1
4509,1,1,0
4515,1,1,0
4557,1,1,0
4571,1,1,0
4573,2,2,0
4579,1,1,0
4589,1,1,0
4622,1,1,0
4633,1,1,0
4671,1,1,0
4693,1,1,0
4699,1,1,0
4717,1,1,0
4718,1,1,0
4748,1,1,0
4817,1,1,0
4853,1,1,0
4864,1,1,0
4887,1,1,0
4890,1,1,0
4913,1,1,0
4967,1,1,0
4974,1,1,0
5013,1,1,0
5015,1,1,0
5130,1,1,0
5167,1,1,0
5179,1,1,0
5218,1,1,0
5240,1,1,0
5241,1,1,0
5324,1,1,0
5435,1,1,0
5593,1,1,0
