pos	ss	bases	A	C	G	T	+	-
-150	False	2	0	0	0	0	0	0
-149	False	3	1	0	0	0	0	0
-148	False	3	0	0	0	0	0	0
-147	False	4	0	0	0	0	0	0
-146	False	6	0	0	0	0	0	0
-145	False	7	0	0	0	0	0	0
-144	False	8	0	0	0	0	0	0
-143	False	8	0	0	0	0	0	0
-142	False	8	0	0	0	0	0	0
-141	False	10	0	0	0	0	0	0
-140	False	10	0	0	0	0	0	0
-139	False	11	0	0	0	0	0	0
-138	False	12	0	0	0	0	0	0
-137	False	12	0	0	0	0	0	0
-136	False	14	0	0	0	0	0	0
-135	False	23	0	4	0	0	0	0
-134	False	242	0	1	1	0	0	0
-133	False	579	1	1	2	3	0	0
-132	False	946	1	0	1	0	0	0
-131	False	1298	3	0	1	0	0	0
-130	False	1689	0	0	2	0	0	0
-129	False	2095	0	0	2	1	0	0
-128	False	2518	2	0	3	1	0	0
-127	False	2995	0	8	3	2	0	0
-126	False	3472	3	3	7	1	0	0
-125	False	3949	2	1	9	4	0	0
-124	False	4406	0	2	3	1	0	0
-123	False	4882	1	2	2	0	0	0
-122	False	5354	1	2	3	7	0	0
-121	False	5839	3	0	5	4	0	1
-120	False	6303	5	1	4	1	2	1
-119	False	6790	0	0	10	3	0	0
-118	False	7291	1	2	6	2	0	0
-117	False	7771	1	0	4	2	0	0
-116	False	8255	3	9	13	4	0	0
-115	False	8758	2	1	8	5	0	0
-114	False	9283	3	7	4	3	1	0
-113	False	9752	7	0	18	3	0	0
-112	False	10253	2	2	12	2	2	0
-111	False	10712	0	8	17	3	0	0
-110	False	11219	1	2	5	2	0	0
-109	False	11704	5	0	7	8	0	0
-108	False	12206	6	0	24	4	0	3
-107	False	12682	12	10	19	17	0	0
-106	False	13203	0	1	9	3	0	0
-105	False	13693	0	8	29	7	0	0
-104	False	14166	5	3	9	8	0	1
-103	False	14641	4	3	12	7	0	0
-102	False	15105	1	1	16	8	0	0
-101	False	15596	5	5	20	2	0	0
-100	False	16121	5	8	11	0	0	0
-99	False	16657	18	3	11	0	0	0
-98	False	17141	3	2	19	4	2	0
-97	False	17624	4	25	20	6	2	1
-96	False	18134	11	3	11	12	0	2
-95	False	18605	6	15	12	4	0	0
-94	False	19107	2	7	14	18	0	4
-93	False	19583	13	5	13	8	0	1
-92	False	20089	4	4	10	8	0	4
-91	False	20619	12	1	30	18	0	0
-90	False	21113	3	14	13	20	6	0
-89	False	21608	3	7	17	17	1	1
-88	False	22109	12	3	11	11	0	3
-87	False	22629	6	15	8	6	0	0
-86	False	23107	9	1	21	7	1	0
-85	False	23632	12	6	42	23	8	0
-84	False	24145	22	13	20	41	1	0
-83	False	24691	4	12	13	4	0	0
-82	False	25193	30	25	27	10	3	11
-81	False	25686	1	31	9	15	0	0
-80	False	26183	3	15	14	4	0	1
-79	False	26668	17	6	14	16	0	3
-78	False	27209	33	0	15	13	0	0
-77	False	27697	11	52	25	14	0	0
-76	False	28170	23	6	24	6	11	0
-75	False	28663	2	5	26	15	0	2
-74	False	29178	25	38	14	12	0	0
-73	False	29675	10	3	7	63	0	0
-72	False	30205	4	4	25	33	0	1
-71	False	30677	6	2	23	12	10	0
-70	False	31188	23	12	34	28	0	3
-69	False	31705	17	10	23	7	0	1
-68	False	32207	11	4	20	21	1	2
-67	False	32737	3	3	21	36	0	0
-66	False	33245	14	24	7	50	0	0
-65	False	33719	7	31	45	24	0	0
-64	False	34196	3	14	20	19	1	0
-63	False	34677	5	14	36	13	0	0
-62	False	35175	5	22	10	41	0	10
-61	False	35690	16	29	19	18	0	0
-60	False	36212	19	4	32	25	0	0
-59	False	36707	8	9	56	18	0	0
-58	False	37156	6	1	41	53	1	0
-57	False	37620	16	3	55	56	0	0
-56	False	38107	46	8	16	47	0	11
-55	False	38589	9	5	32	30	0	1
-54	False	39078	8	13	81	51	1	3
-53	False	39590	37	7	44	32	6	9
-52	False	40063	29	18	39	18	1	4
-51	False	40551	21	13	22	16	0	0
-50	False	41055	32	48	47	27	0	0
-49	False	41565	33	38	26	22	0	0
-48	False	42077	31	18	21	16	0	0
-47	False	42555	24	14	24	30	1	0
-46	False	43055	22	8	57	41	0	10
-45	False	43547	21	21	33	43	0	0
-44	False	44066	6	48	59	76	0	0
-43	False	44519	24	18	23	46	5	0
-42	False	45052	22	11	74	16	7	1
-41	False	45499	10	34	57	23	2	0
-40	False	46038	5	19	48	51	0	0
-39	False	46560	22	15	63	52	0	0
-38	False	47060	38	18	38	29	1	1
-37	False	47533	15	17	73	37	0	0
-36	False	48028	32	30	57	20	0	13
-35	False	48529	20	39	31	49	0	1
-34	False	49046	52	11	32	30	0	0
-33	False	49536	8	58	88	30	0	0
-32	False	49993	12	5	32	17	3	0
-31	False	50470	15	36	46	56	2	13
-30	False	50964	28	22	51	35	0	0
-29	False	51476	36	6	29	33	0	13
-28	False	51968	14	88	74	47	0	7
-27	False	52451	18	6	61	27	1	13
-26	False	52947	57	43	58	88	0	1
-25	False	53437	61	34	50	62	0	0
-24	False	53912	10	16	50	56	0	11
-23	False	54434	36	7	58	80	5	0
-22	False	54912	12	16	51	49	0	0
-21	False	55366	51	58	47	37	4	0
-20	False	55841	53	11	39	56	0	0
-19	False	56297	13	16	63	49	0	0
-18	False	56797	44	21	57	44	23	0
-17	False	57300	29	12	64	47	0	0
-16	False	57792	28	61	54	89	1	18
-15	False	58322	91	9	28	54	23	18
-14	False	58820	24	52	62	60	0	0
-13	False	59327	29	27	82	91	2	13
-12	False	59811	42	17	63	84	11	17
-11	False	60287	35	18	67	63	0	6
-10	False	60772	24	39	34	93	1	0
-9	False	61249	67	24	66	91	1	0
-8	False	61736	91	22	47	100	32	13
-7	False	62172	40	96	80	117	4	6
-6	False	62658	38	60	154	54	14	44
-5	False	63142	23	72	85	103	0	21
-4	False	63142	72	53	59	165	27	9
-3	False	63142	101	56	95	163	41	24
-2	False	63142	49	78	79	161	49	5
-1	False	63142	34	166	142	63	8	4
0	False	879503	1246	716	1357	3525	1061	1701
1	False	63142	35	49	261	279	27	52
2	False	63142	59	83	204	189	50	12
3	False	63142	81	28	272	155	18	52
4	False	63142	102	72	243	199	44	11
5	False	62629	63	67	221	162	6	3
6	False	62104	75	59	211	184	12	1
7	False	61566	43	52	281	206	7	9
8	False	61076	85	58	226	176	8	15
9	False	60559	37	45	190	203	2	3
10	False	60053	77	73	260	184	16	3
11	False	59512	50	42	208	210	3	3
12	False	58993	130	92	300	202	2	2
13	False	58485	41	55	204	199	2	17
14	False	57997	127	27	179	157	2	0
15	False	57488	49	49	181	245	3	3
16	False	56964	70	80	167	116	3	0
17	False	56454	68	42	182	141	0	19
18	False	55974	58	33	184	147	2	9
19	False	55466	79	36	184	161	8	4
20	False	54946	30	52	195	160	1	2
21	False	54375	40	39	175	142	1	10
22	False	53884	66	61	188	194	1	7
23	False	53391	63	28	169	129	6	2
24	False	52870	65	56	233	115	7	3
25	False	52388	44	31	143	103	8	7
26	False	51890	46	26	169	143	0	2
27	False	51379	73	86	168	135	7	0
28	False	50896	33	67	162	128	1	0
29	False	50402	43	66	149	134	0	1
30	False	49914	48	39	202	92	17	24
31	False	49403	38	22	143	118	14	16
32	False	48873	48	31	143	160	2	6
33	False	48361	62	66	162	94	1	5
34	False	47892	61	43	146	125	5	0
35	False	47408	38	38	147	138	5	7
36	False	46907	33	60	193	115	0	3
37	False	46454	32	38	121	114	0	21
38	False	45964	61	48	133	178	0	0
39	False	45401	54	28	119	104	1	5
40	False	44889	57	38	186	116	0	0
41	False	44416	52	33	136	99	11	6
42	False	43927	51	60	142	82	24	0
43	False	43456	67	48	130	89	3	0
44	False	42935	45	24	123	64	2	11
45	False	42382	75	36	131	115	12	2
46	False	41917	35	73	119	83	20	1
47	False	41399	43	31	130	102	1	0
48	False	40842	102	37	102	104	0	2
49	False	40343	48	21	106	102	0	1
50	False	39830	41	79	141	113	6	0
51	False	39315	47	46	133	74	0	0
52	False	38839	55	30	155	77	0	0
53	False	38330	63	35	99	93	0	11
54	False	37841	53	34	113	72	0	0
55	False	37319	49	59	135	79	0	0
56	False	36783	35	23	127	106	0	0
57	False	36269	37	39	133	93	0	0
58	False	35801	42	36	117	75	0	5
59	False	35264	63	26	78	89	5	6
60	False	34753	42	56	116	73	0	13
61	False	34268	39	33	88	100	0	1
62	False	33783	34	42	88	102	13	0
63	False	33289	61	28	122	69	0	0
64	False	32793	56	19	103	67	1	1
65	False	32315	33	29	102	113	22	0
66	False	31799	48	31	76	90	3	0
67	False	31318	22	33	78	72	0	6
68	False	30832	67	24	123	62	0	1
69	False	30329	37	27	107	68	13	0
70	False	29816	49	52	106	78	0	0
71	False	29331	42	16	100	90	0	1
72	False	28806	43	26	74	90	0	0
73	False	28323	34	28	85	68	0	5
74	False	27828	31	22	98	60	0	0
75	False	27327	24	31	86	65	0	3
76	False	26834	45	19	89	71	1	5
77	False	26343	31	43	77	82	4	0
78	False	25795	45	43	76	56	0	4
79	False	25313	43	19	63	70	7	0
80	False	24846	39	26	72	75	0	1
81	False	24392	36	26	82	71	0	0
82	False	23948	34	23	77	59	0	0
83	False	23473	52	28	70	71	0	1
84	False	22990	48	57	54	64	11	1
85	False	22489	29	44	76	73	0	1
86	False	21977	39	27	63	67	2	0
87	False	21481	24	21	78	50	1	5
88	False	21013	27	21	50	64	3	6
89	False	20523	32	21	42	33	4	2
90	False	20030	25	17	70	72	0	6
91	False	19563	30	24	43	63	0	5
92	False	19072	21	22	47	49	0	0
93	False	18601	25	21	48	63	0	0
94	False	18112	33	15	70	40	4	3
95	False	17631	23	13	36	50	0	0
96	False	17134	28	11	55	45	0	0
97	False	16647	36	14	47	48	0	0
98	False	16177	26	17	54	46	0	2
99	False	15668	24	14	76	39	0	0
100	False	15167	16	17	41	30	0	0
101	False	14672	43	22	34	32	0	0
102	False	14191	20	17	35	50	0	0
103	False	13669	30	6	45	45	0	0
104	False	13214	9	11	45	28	0	0
105	False	12758	17	23	27	29	0	0
106	False	12279	32	24	39	28	0	0
107	False	11828	14	10	32	34	0	4
108	False	11348	13	7	36	33	0	0
109	False	10885	18	8	39	32	0	0
110	False	10375	10	7	30	36	0	0
111	False	9902	12	10	24	24	0	0
112	False	9426	13	8	31	25	2	0
113	False	8941	8	10	25	23	0	0
114	False	8449	20	9	33	18	0	0
115	False	7983	5	8	25	26	0	3
116	False	7490	15	5	24	13	0	2
117	False	7022	4	7	17	18	0	0
118	False	6607	7	7	14	10	0	1
119	False	6148	11	1	19	14	2	0
120	False	5707	4	3	15	11	0	1
121	False	5252	10	6	12	15	1	0
122	False	4777	4	6	15	11	0	0
123	False	4315	4	8	14	15	0	1
124	False	3833	3	1	8	11	0	0
125	False	3379	3	3	17	9	0	1
126	False	2917	4	2	8	14	0	1
127	False	2463	2	2	6	9	0	0
128	False	2021	1	2	8	7	0	0
129	False	1616	1	0	4	6	0	0
130	False	1208	1	1	3	4	0	0
131	False	861	1	1	2	3	0	0
132	False	544	0	0	1	2	0	0
133	False	241	0	0	1	1	0	0
134	False	28	0	0	0	0	0	0
135	False	17	0	0	0	0	0	0
136	False	14	0	0	0	0	0	0
137	False	11	0	0	0	0	0	0
138	False	9	0	0	0	0	0	0
139	False	9	0	0	0	0	0	0
140	False	9	0	0	0	0	0	0
141	False	6	0	0	0	0	0	0
142	False	5	0	0	0	0	0	0
143	False	5	0	0	0	0	0	0
144	False	5	0	0	0	0	0	0
145	False	5	0	0	0	0	0	0
146	False	3	0	0	0	0	0	0
147	False	3	0	0	0	0	0	0
148	False	3	0	0	0	0	0	0
149	False	3	0	0	0	0	0	0
